[{"model": "admin.logentry", "pk": 1, "fields": {"action_time": "2023-05-12T14:47:18.126Z", "user": 1, "content_type": 9, "object_id": "1", "object_repr": "Brussel", "action_flag": 1, "change_message": "[{\"added\": {}}]"}}, {"model": "admin.logentry", "pk": 2, "fields": {"action_time": "2023-05-12T14:47:25.859Z", "user": 1, "content_type": 9, "object_id": "2", "object_repr": "Schaerbeek", "action_flag": 1, "change_message": "[{\"added\": {}}]"}}, {"model": "admin.logentry", "pk": 3, "fields": {"action_time": "2023-05-12T14:47:33.712Z", "user": 1, "content_type": 9, "object_id": "3", "object_repr": "Auderghem", "action_flag": 1, "change_message": "[{\"added\": {}}]"}}, {"model": "admin.logentry", "pk": 4, "fields": {"action_time": "2023-05-12T14:47:42.817Z", "user": 1, "content_type": 9, "object_id": "4", "object_repr": "Molembeek", "action_flag": 1, "change_message": "[{\"added\": {}}]"}}, {"model": "admin.logentry", "pk": 5, "fields": {"action_time": "2023-05-12T14:47:50.109Z", "user": 1, "content_type": 9, "object_id": "5", "object_repr": "Evere", "action_flag": 1, "change_message": "[{\"added\": {}}]"}}, {"model": "admin.logentry", "pk": 6, "fields": {"action_time": "2023-05-12T14:48:00.593Z", "user": 1, "content_type": 9, "object_id": "6", "object_repr": "Saint-Josse", "action_flag": 1, "change_message": "[{\"added\": {}}]"}}, {"model": "admin.logentry", "pk": 7, "fields": {"action_time": "2023-05-12T14:48:10.810Z", "user": 1, "content_type": 9, "object_id": "7", "object_repr": "Ixelles", "action_flag": 1, "change_message": "[{\"added\": {}}]"}}, {"model": "admin.logentry", "pk": 8, "fields": {"action_time": "2023-05-12T14:48:18.322Z", "user": 1, "content_type": 9, "object_id": "8", "object_repr": "Laeken", "action_flag": 1, "change_message": "[{\"added\": {}}]"}}, {"model": "admin.logentry", "pk": 9, "fields": {"action_time": "2023-05-12T14:48:27.928Z", "user": 1, "content_type": 9, "object_id": "9", "object_repr": "Anderlecht", "action_flag": 1, "change_message": "[{\"added\": {}}]"}}, {"model": "admin.logentry", "pk": 10, "fields": {"action_time": "2023-05-12T14:49:44.838Z", "user": 1, "content_type": 10, "object_id": "1", "object_repr": "L'Ancienne Belgique", "action_flag": 1, "change_message": "[{\"added\": {}}]"}}, {"model": "admin.logentry", "pk": 11, "fields": {"action_time": "2023-05-12T14:50:15.206Z", "user": 1, "content_type": 10, "object_id": "2", "object_repr": "Centre Culturelle d'Auderghem", "action_flag": 1, "change_message": "[{\"added\": {}}]"}}, {"model": "admin.logentry", "pk": 12, "fields": {"action_time": "2023-05-12T14:50:42.863Z", "user": 1, "content_type": 10, "object_id": "3", "object_repr": "Hall De Schaerbeek", "action_flag": 1, "change_message": "[{\"added\": {}}]"}}, {"model": "admin.logentry", "pk": 13, "fields": {"action_time": "2023-05-12T14:52:50.816Z", "user": 1, "content_type": 10, "object_id": "4", "object_repr": "Stadium", "action_flag": 1, "change_message": "[{\"added\": {}}]"}}, {"model": "admin.logentry", "pk": 14, "fields": {"action_time": "2023-05-12T14:54:03.636Z", "user": 1, "content_type": 10, "object_id": "5", "object_repr": "Stadium1", "action_flag": 1, "change_message": "[{\"added\": {}}]"}}, {"model": "admin.logentry", "pk": 15, "fields": {"action_time": "2023-05-12T14:55:29.741Z", "user": 1, "content_type": 15, "object_id": "1", "object_repr": "PARADE", "action_flag": 1, "change_message": "[{\"added\": {}}]"}}, {"model": "admin.logentry", "pk": 16, "fields": {"action_time": "2023-05-12T14:57:14.662Z", "user": 1, "content_type": 15, "object_id": "2", "object_repr": "PRESTIGE", "action_flag": 1, "change_message": "[{\"added\": {}}]"}}, {"model": "admin.logentry", "pk": 17, "fields": {"action_time": "2023-05-12T15:01:48.729Z", "user": 1, "content_type": 15, "object_id": "3", "object_repr": "Illusioniste", "action_flag": 1, "change_message": "[{\"added\": {}}]"}}, {"model": "admin.logentry", "pk": 18, "fields": {"action_time": "2023-05-12T15:04:52.303Z", "user": 1, "content_type": 15, "object_id": "4", "object_repr": "PODIUM", "action_flag": 1, "change_message": "[{\"added\": {}}]"}}, {"model": "admin.logentry", "pk": 19, "fields": {"action_time": "2023-05-12T15:07:20.718Z", "user": 1, "content_type": 15, "object_id": "5", "object_repr": "IZNO", "action_flag": 1, "change_message": "[{\"added\": {}}]"}}, {"model": "admin.logentry", "pk": 20, "fields": {"action_time": "2023-05-12T15:10:19.122Z", "user": 1, "content_type": 15, "object_id": "6", "object_repr": "Apocalypse Planétaire", "action_flag": 1, "change_message": "[{\"added\": {}}]"}}, {"model": "admin.logentry", "pk": 21, "fields": {"action_time": "2023-05-12T15:13:45.777Z", "user": 1, "content_type": 15, "object_id": "7", "object_repr": "Eclats", "action_flag": 1, "change_message": "[{\"added\": {}}]"}}, {"model": "admin.logentry", "pk": 22, "fields": {"action_time": "2023-05-12T15:20:41.626Z", "user": 1, "content_type": 15, "object_id": "8", "object_repr": "Titanic", "action_flag": 1, "change_message": "[{\"added\": {}}]"}}, {"model": "admin.logentry", "pk": 23, "fields": {"action_time": "2023-05-21T08:37:17.006Z", "user": 1, "content_type": 11, "object_id": "1", "object_repr": "PARADE - 2023-05-10 18:00:00+00:00 - L'Ancienne Belgique", "action_flag": 1, "change_message": "[{\"added\": {}}]"}}, {"model": "admin.logentry", "pk": 24, "fields": {"action_time": "2023-05-21T08:37:32.501Z", "user": 1, "content_type": 11, "object_id": "2", "object_repr": "PRESTIGE - 2023-05-30 18:00:00+00:00 - Centre Culturelle d'Auderghem", "action_flag": 1, "change_message": "[{\"added\": {}}]"}}, {"model": "admin.logentry", "pk": 25, "fields": {"action_time": "2023-05-21T08:37:49.314Z", "user": 1, "content_type": 11, "object_id": "3", "object_repr": "Illusioniste - 2023-06-07 18:00:00+00:00 - Centre Culturelle d'Auderghem", "action_flag": 1, "change_message": "[{\"added\": {}}]"}}, {"model": "admin.logentry", "pk": 26, "fields": {"action_time": "2023-05-21T08:38:04.464Z", "user": 1, "content_type": 11, "object_id": "4", "object_repr": "PODIUM - 2023-05-26 18:00:00+00:00 - Hall De Schaerbeek", "action_flag": 1, "change_message": "[{\"added\": {}}]"}}, {"model": "admin.logentry", "pk": 27, "fields": {"action_time": "2023-05-21T08:38:21.725Z", "user": 1, "content_type": 11, "object_id": "5", "object_repr": "IZNO - 2023-06-19 18:00:00+00:00 - Centre Culturelle d'Auderghem", "action_flag": 1, "change_message": "[{\"added\": {}}]"}}, {"model": "admin.logentry", "pk": 28, "fields": {"action_time": "2023-05-21T08:38:36.606Z", "user": 1, "content_type": 11, "object_id": "6", "object_repr": "Apocalypse Planétaire - 2023-05-30 18:00:00+00:00 - Centre Culturelle d'Auderghem", "action_flag": 1, "change_message": "[{\"added\": {}}]"}}, {"model": "admin.logentry", "pk": 29, "fields": {"action_time": "2023-05-21T08:38:50.176Z", "user": 1, "content_type": 11, "object_id": "7", "object_repr": "Eclats - 2023-05-30 18:00:00+00:00 - Hall De Schaerbeek", "action_flag": 1, "change_message": "[{\"added\": {}}]"}}, {"model": "admin.logentry", "pk": 30, "fields": {"action_time": "2023-05-21T08:39:04.707Z", "user": 1, "content_type": 11, "object_id": "8", "object_repr": "Titanic - 2023-05-24 18:00:00+00:00 - Stadium1", "action_flag": 1, "change_message": "[{\"added\": {}}]"}}, {"model": "admin.logentry", "pk": 31, "fields": {"action_time": "2023-05-21T09:29:56.016Z", "user": 1, "content_type": 11, "object_id": "9", "object_repr": "B Mars - 2023-06-14 18:00:00+00:00 - L'Ancienne Belgique", "action_flag": 1, "change_message": "[{\"added\": {}}]"}}, {"model": "admin.logentry", "pk": 32, "fields": {"action_time": "2023-05-21T09:30:09.194Z", "user": 1, "content_type": 11, "object_id": "10", "object_repr": "B Mars - 2023-07-20 18:00:00+00:00 - Hall De Schaerbeek", "action_flag": 1, "change_message": "[{\"added\": {}}]"}}, {"model": "admin.logentry", "pk": 33, "fields": {"action_time": "2023-05-21T10:59:08.750Z", "user": 1, "content_type": 13, "object_id": "1", "object_repr": "Rap Fr", "action_flag": 1, "change_message": "[{\"added\": {}}]"}}, {"model": "admin.logentry", "pk": 34, "fields": {"action_time": "2023-05-21T10:59:13.594Z", "user": 1, "content_type": 13, "object_id": "2", "object_repr": "Rap Us", "action_flag": 1, "change_message": "[{\"added\": {}}]"}}, {"model": "admin.logentry", "pk": 35, "fields": {"action_time": "2023-05-21T10:59:17.087Z", "user": 1, "content_type": 13, "object_id": "3", "object_repr": "Hip-hop", "action_flag": 1, "change_message": "[{\"added\": {}}]"}}, {"model": "admin.logentry", "pk": 36, "fields": {"action_time": "2023-05-21T10:59:21.036Z", "user": 1, "content_type": 13, "object_id": "4", "object_repr": "Jazz", "action_flag": 1, "change_message": "[{\"added\": {}}]"}}, {"model": "admin.logentry", "pk": 37, "fields": {"action_time": "2023-05-21T10:59:24.887Z", "user": 1, "content_type": 13, "object_id": "5", "object_repr": "Pop", "action_flag": 1, "change_message": "[{\"added\": {}}]"}}, {"model": "admin.logentry", "pk": 38, "fields": {"action_time": "2023-05-21T11:02:55.580Z", "user": 1, "content_type": 13, "object_id": "6", "object_repr": "Rock", "action_flag": 1, "change_message": "[{\"added\": {}}]"}}, {"model": "admin.logentry", "pk": 39, "fields": {"action_time": "2023-05-21T11:03:00.389Z", "user": 1, "content_type": 8, "object_id": "1", "object_repr": "ArtisteType object (1)", "action_flag": 1, "change_message": "[{\"added\": {}}]"}}, {"model": "admin.logentry", "pk": 40, "fields": {"action_time": "2023-05-21T11:15:02.893Z", "user": 1, "content_type": 15, "object_id": "8", "object_repr": "Titanic", "action_flag": 3, "change_message": ""}}, {"model": "admin.logentry", "pk": 41, "fields": {"action_time": "2023-05-21T11:15:02.944Z", "user": 1, "content_type": 15, "object_id": "7", "object_repr": "Eclats", "action_flag": 3, "change_message": ""}}, {"model": "admin.logentry", "pk": 42, "fields": {"action_time": "2023-05-21T11:15:02.994Z", "user": 1, "content_type": 15, "object_id": "6", "object_repr": "Apocalypse Planétaire", "action_flag": 3, "change_message": ""}}, {"model": "admin.logentry", "pk": 43, "fields": {"action_time": "2023-05-21T11:15:03.040Z", "user": 1, "content_type": 15, "object_id": "5", "object_repr": "IZNO", "action_flag": 3, "change_message": ""}}, {"model": "admin.logentry", "pk": 44, "fields": {"action_time": "2023-05-21T11:15:03.086Z", "user": 1, "content_type": 15, "object_id": "4", "object_repr": "PODIUM", "action_flag": 3, "change_message": ""}}, {"model": "admin.logentry", "pk": 45, "fields": {"action_time": "2023-05-21T11:15:03.138Z", "user": 1, "content_type": 15, "object_id": "3", "object_repr": "Illusioniste", "action_flag": 3, "change_message": ""}}, {"model": "admin.logentry", "pk": 46, "fields": {"action_time": "2023-05-21T11:15:03.188Z", "user": 1, "content_type": 15, "object_id": "2", "object_repr": "PRESTIGE", "action_flag": 3, "change_message": ""}}, {"model": "admin.logentry", "pk": 47, "fields": {"action_time": "2023-05-21T11:15:03.234Z", "user": 1, "content_type": 15, "object_id": "1", "object_repr": "PARADE", "action_flag": 3, "change_message": ""}}, {"model": "admin.logentry", "pk": 48, "fields": {"action_time": "2023-05-21T11:18:27.746Z", "user": 1, "content_type": 15, "object_id": "8", "object_repr": "Titanic", "action_flag": 3, "change_message": ""}}, {"model": "admin.logentry", "pk": 49, "fields": {"action_time": "2023-05-21T11:18:37.875Z", "user": 1, "content_type": 15, "object_id": "7", "object_repr": "Eclats", "action_flag": 3, "change_message": ""}}, {"model": "admin.logentry", "pk": 50, "fields": {"action_time": "2023-05-21T11:18:50.901Z", "user": 1, "content_type": 15, "object_id": "6", "object_repr": "Apocalypse Planétaire", "action_flag": 3, "change_message": ""}}, {"model": "admin.logentry", "pk": 51, "fields": {"action_time": "2023-05-21T11:18:50.949Z", "user": 1, "content_type": 15, "object_id": "5", "object_repr": "IZNO", "action_flag": 3, "change_message": ""}}, {"model": "admin.logentry", "pk": 52, "fields": {"action_time": "2023-05-21T11:18:51.001Z", "user": 1, "content_type": 15, "object_id": "4", "object_repr": "PODIUM", "action_flag": 3, "change_message": ""}}, {"model": "admin.logentry", "pk": 53, "fields": {"action_time": "2023-05-21T11:19:02.433Z", "user": 1, "content_type": 15, "object_id": "3", "object_repr": "Illusioniste", "action_flag": 3, "change_message": ""}}, {"model": "admin.logentry", "pk": 54, "fields": {"action_time": "2023-05-21T11:19:02.482Z", "user": 1, "content_type": 15, "object_id": "2", "object_repr": "PRESTIGE", "action_flag": 3, "change_message": ""}}, {"model": "admin.logentry", "pk": 55, "fields": {"action_time": "2023-05-21T11:19:02.532Z", "user": 1, "content_type": 15, "object_id": "1", "object_repr": "PARADE", "action_flag": 3, "change_message": ""}}, {"model": "admin.logentry", "pk": 56, "fields": {"action_time": "2023-05-21T11:20:42.465Z", "user": 1, "content_type": 15, "object_id": "2", "object_repr": "PRESTIGE", "action_flag": 3, "change_message": ""}}, {"model": "admin.logentry", "pk": 57, "fields": {"action_time": "2023-05-21T11:20:50.685Z", "user": 1, "content_type": 15, "object_id": "3", "object_repr": "Illusioniste", "action_flag": 3, "change_message": ""}}, {"model": "admin.logentry", "pk": 58, "fields": {"action_time": "2023-05-21T11:21:00.652Z", "user": 1, "content_type": 15, "object_id": "1", "object_repr": "PARADE", "action_flag": 3, "change_message": ""}}, {"model": "admin.logentry", "pk": 59, "fields": {"action_time": "2023-05-21T11:23:01.346Z", "user": 1, "content_type": 15, "object_id": "1", "object_repr": "PARADE", "action_flag": 3, "change_message": ""}}, {"model": "admin.logentry", "pk": 60, "fields": {"action_time": "2023-05-21T11:23:24.289Z", "user": 1, "content_type": 15, "object_id": "9", "object_repr": "B Mars", "action_flag": 3, "change_message": ""}}, {"model": "admin.logentry", "pk": 61, "fields": {"action_time": "2023-05-21T11:25:51.886Z", "user": 1, "content_type": 13, "object_id": "1", "object_repr": "Théâtre", "action_flag": 2, "change_message": "[{\"changed\": {\"fields\": [\"Type\"]}}]"}}, {"model": "admin.logentry", "pk": 62, "fields": {"action_time": "2023-05-21T11:26:09.260Z", "user": 1, "content_type": 13, "object_id": "2", "object_repr": "Concert", "action_flag": 2, "change_message": "[{\"changed\": {\"fields\": [\"Type\"]}}]"}}, {"model": "admin.logentry", "pk": 63, "fields": {"action_time": "2023-05-21T11:26:33.357Z", "user": 1, "content_type": 13, "object_id": "3", "object_repr": "Danse", "action_flag": 2, "change_message": "[{\"changed\": {\"fields\": [\"Type\"]}}]"}}, {"model": "admin.logentry", "pk": 64, "fields": {"action_time": "2023-05-21T11:26:53.933Z", "user": 1, "content_type": 13, "object_id": "4", "object_repr": "Cirque", "action_flag": 2, "change_message": "[{\"changed\": {\"fields\": [\"Type\"]}}]"}}, {"model": "admin.logentry", "pk": 65, "fields": {"action_time": "2023-05-21T11:27:10.587Z", "user": 1, "content_type": 13, "object_id": "5", "object_repr": "Opéra", "action_flag": 2, "change_message": "[{\"changed\": {\"fields\": [\"Type\"]}}]"}}, {"model": "admin.logentry", "pk": 66, "fields": {"action_time": "2023-05-21T11:27:29.047Z", "user": 1, "content_type": 13, "object_id": "6", "object_repr": "Comédie musicale", "action_flag": 2, "change_message": "[{\"changed\": {\"fields\": [\"Type\"]}}]"}}, {"model": "admin.logentry", "pk": 67, "fields": {"action_time": "2023-05-21T11:27:42.920Z", "user": 1, "content_type": 13, "object_id": "7", "object_repr": "Magie", "action_flag": 1, "change_message": "[{\"added\": {}}]"}}, {"model": "admin.logentry", "pk": 68, "fields": {"action_time": "2023-05-21T11:27:49.522Z", "user": 1, "content_type": 13, "object_id": "8", "object_repr": "Marionnettes", "action_flag": 1, "change_message": "[{\"added\": {}}]"}}, {"model": "admin.logentry", "pk": 69, "fields": {"action_time": "2023-05-21T11:28:06.455Z", "user": 1, "content_type": 13, "object_id": "9", "object_repr": "Stand-up", "action_flag": 1, "change_message": "[{\"added\": {}}]"}}, {"model": "admin.logentry", "pk": 70, "fields": {"action_time": "2023-05-21T11:28:15.583Z", "user": 1, "content_type": 13, "object_id": "10", "object_repr": "Performance artistique", "action_flag": 1, "change_message": "[{\"added\": {}}]"}}, {"model": "admin.logentry", "pk": 71, "fields": {"action_time": "2023-05-21T11:28:21.638Z", "user": 1, "content_type": 13, "object_id": "11", "object_repr": "Cabaret", "action_flag": 1, "change_message": "[{\"added\": {}}]"}}, {"model": "admin.logentry", "pk": 72, "fields": {"action_time": "2023-05-21T11:28:29.482Z", "user": 1, "content_type": 13, "object_id": "12", "object_repr": "Opéra-rock", "action_flag": 1, "change_message": "[{\"added\": {}}]"}}, {"model": "admin.logentry", "pk": 73, "fields": {"action_time": "2023-05-21T11:28:36.674Z", "user": 1, "content_type": 13, "object_id": "13", "object_repr": "Spectacles d'improvisation", "action_flag": 1, "change_message": "[{\"added\": {}}]"}}, {"model": "admin.logentry", "pk": 74, "fields": {"action_time": "2023-05-21T11:28:50.331Z", "user": 1, "content_type": 13, "object_id": "14", "object_repr": "Spectacles pour enfants", "action_flag": 1, "change_message": "[{\"added\": {}}]"}}, {"model": "admin.logentry", "pk": 75, "fields": {"action_time": "2023-05-21T11:29:35.949Z", "user": 1, "content_type": 13, "object_id": "15", "object_repr": "Spectacles de variétés", "action_flag": 1, "change_message": "[{\"added\": {}}]"}}, {"model": "admin.logentry", "pk": 76, "fields": {"action_time": "2023-05-21T11:30:21.727Z", "user": 1, "content_type": 8, "object_id": "1", "object_repr": "ArtisteType object (1)", "action_flag": 2, "change_message": "[{\"changed\": {\"fields\": [\"Type id\"]}}]"}}, {"model": "admin.logentry", "pk": 77, "fields": {"action_time": "2023-05-21T12:00:49.291Z", "user": 1, "content_type": 10, "object_id": "5", "object_repr": "Stadium1", "action_flag": 3, "change_message": ""}}, {"model": "admin.logentry", "pk": 78, "fields": {"action_time": "2023-05-21T12:00:49.343Z", "user": 1, "content_type": 10, "object_id": "4", "object_repr": "Stadium", "action_flag": 3, "change_message": ""}}, {"model": "admin.logentry", "pk": 79, "fields": {"action_time": "2023-05-21T12:00:49.394Z", "user": 1, "content_type": 10, "object_id": "3", "object_repr": "Hall De Schaerbeek", "action_flag": 3, "change_message": ""}}, {"model": "admin.logentry", "pk": 80, "fields": {"action_time": "2023-05-21T12:00:49.442Z", "user": 1, "content_type": 10, "object_id": "2", "object_repr": "Centre Culturelle d'Auderghem", "action_flag": 3, "change_message": ""}}, {"model": "admin.logentry", "pk": 81, "fields": {"action_time": "2023-05-21T12:00:49.490Z", "user": 1, "content_type": 10, "object_id": "1", "object_repr": "L'Ancienne Belgique", "action_flag": 3, "change_message": ""}}, {"model": "admin.logentry", "pk": 82, "fields": {"action_time": "2023-05-21T12:01:09.953Z", "user": 1, "content_type": 10, "object_id": "14", "object_repr": "Foret National", "action_flag": 1, "change_message": "new through import_export"}}, {"model": "admin.logentry", "pk": 83, "fields": {"action_time": "2023-05-21T12:01:10.003Z", "user": 1, "content_type": 10, "object_id": "13", "object_repr": "Flagey", "action_flag": 1, "change_message": "new through import_export"}}, {"model": "admin.logentry", "pk": 84, "fields": {"action_time": "2023-05-21T12:01:10.053Z", "user": 1, "content_type": 10, "object_id": "12", "object_repr": "Les Riches-Claires", "action_flag": 1, "change_message": "new through import_export"}}, {"model": "admin.logentry", "pk": 85, "fields": {"action_time": "2023-05-21T12:01:10.101Z", "user": 1, "content_type": 10, "object_id": "11", "object_repr": "Cirque Royal", "action_flag": 1, "change_message": "new through import_export"}}, {"model": "admin.logentry", "pk": 86, "fields": {"action_time": "2023-05-21T12:01:10.147Z", "user": 1, "content_type": 10, "object_id": "10", "object_repr": "bozar bruxelles", "action_flag": 1, "change_message": "new through import_export"}}, {"model": "admin.logentry", "pk": 87, "fields": {"action_time": "2023-05-21T12:01:10.197Z", "user": 1, "content_type": 10, "object_id": "9", "object_repr": "Beursschouwburg (Théâtre de la Bourse)", "action_flag": 1, "change_message": "new through import_export"}}, {"model": "admin.logentry", "pk": 88, "fields": {"action_time": "2023-05-21T12:01:10.248Z", "user": 1, "content_type": 10, "object_id": "8", "object_repr": "Koninklijke Vlaamse Schouwburg (KVS)", "action_flag": 1, "change_message": "new through import_export"}}, {"model": "admin.logentry", "pk": 89, "fields": {"action_time": "2023-05-21T12:01:10.296Z", "user": 1, "content_type": 10, "object_id": "7", "object_repr": "Théâtre National Wallonie-Bruxelles", "action_flag": 1, "change_message": "new through import_export"}}, {"model": "admin.logentry", "pk": 90, "fields": {"action_time": "2023-05-21T12:01:10.343Z", "user": 1, "content_type": 10, "object_id": "6", "object_repr": "La Monnaie", "action_flag": 1, "change_message": "new through import_export"}}, {"model": "admin.logentry", "pk": 91, "fields": {"action_time": "2023-05-21T12:01:10.392Z", "user": 1, "content_type": 10, "object_id": "5", "object_repr": "Stadium1", "action_flag": 1, "change_message": "new through import_export"}}, {"model": "admin.logentry", "pk": 92, "fields": {"action_time": "2023-05-21T12:01:10.442Z", "user": 1, "content_type": 10, "object_id": "4", "object_repr": "Stadium", "action_flag": 1, "change_message": "new through import_export"}}, {"model": "admin.logentry", "pk": 93, "fields": {"action_time": "2023-05-21T12:01:10.490Z", "user": 1, "content_type": 10, "object_id": "3", "object_repr": "Hall De Schaerbeek", "action_flag": 1, "change_message": "new through import_export"}}, {"model": "admin.logentry", "pk": 94, "fields": {"action_time": "2023-05-21T12:01:10.536Z", "user": 1, "content_type": 10, "object_id": "2", "object_repr": "Centre Culturelle d'Auderghem", "action_flag": 1, "change_message": "new through import_export"}}, {"model": "admin.logentry", "pk": 95, "fields": {"action_time": "2023-05-21T12:01:10.586Z", "user": 1, "content_type": 10, "object_id": "1", "object_repr": "L'Ancienne Belgique", "action_flag": 1, "change_message": "new through import_export"}}, {"model": "admin.logentry", "pk": 96, "fields": {"action_time": "2023-05-21T12:02:50.681Z", "user": 1, "content_type": 9, "object_id": "9", "object_repr": "Anderlecht", "action_flag": 3, "change_message": ""}}, {"model": "admin.logentry", "pk": 97, "fields": {"action_time": "2023-05-21T12:02:50.731Z", "user": 1, "content_type": 9, "object_id": "8", "object_repr": "Laeken", "action_flag": 3, "change_message": ""}}, {"model": "admin.logentry", "pk": 98, "fields": {"action_time": "2023-05-21T12:02:50.779Z", "user": 1, "content_type": 9, "object_id": "7", "object_repr": "Ixelles", "action_flag": 3, "change_message": ""}}, {"model": "admin.logentry", "pk": 99, "fields": {"action_time": "2023-05-21T12:02:50.825Z", "user": 1, "content_type": 9, "object_id": "6", "object_repr": "Saint-Josse", "action_flag": 3, "change_message": ""}}, {"model": "admin.logentry", "pk": 100, "fields": {"action_time": "2023-05-21T12:02:50.875Z", "user": 1, "content_type": 9, "object_id": "5", "object_repr": "Evere", "action_flag": 3, "change_message": ""}}, {"model": "admin.logentry", "pk": 101, "fields": {"action_time": "2023-05-21T12:02:50.925Z", "user": 1, "content_type": 9, "object_id": "4", "object_repr": "Molembeek", "action_flag": 3, "change_message": ""}}, {"model": "admin.logentry", "pk": 102, "fields": {"action_time": "2023-05-21T12:02:50.973Z", "user": 1, "content_type": 9, "object_id": "3", "object_repr": "Auderghem", "action_flag": 3, "change_message": ""}}, {"model": "admin.logentry", "pk": 103, "fields": {"action_time": "2023-05-21T12:02:51.019Z", "user": 1, "content_type": 9, "object_id": "2", "object_repr": "Schaerbeek", "action_flag": 3, "change_message": ""}}, {"model": "admin.logentry", "pk": 104, "fields": {"action_time": "2023-05-21T12:02:51.069Z", "user": 1, "content_type": 9, "object_id": "1", "object_repr": "Brussel", "action_flag": 3, "change_message": ""}}, {"model": "admin.logentry", "pk": 105, "fields": {"action_time": "2023-05-21T12:03:06.304Z", "user": 1, "content_type": 9, "object_id": "20", "object_repr": "Zottegem", "action_flag": 1, "change_message": "new through import_export"}}, {"model": "admin.logentry", "pk": 106, "fields": {"action_time": "2023-05-21T12:03:06.351Z", "user": 1, "content_type": 9, "object_id": "19", "object_repr": "Wetteren", "action_flag": 1, "change_message": "new through import_export"}}, {"model": "admin.logentry", "pk": 107, "fields": {"action_time": "2023-05-21T12:03:06.403Z", "user": 1, "content_type": 9, "object_id": "18", "object_repr": "Andenne", "action_flag": 1, "change_message": "new through import_export"}}, {"model": "admin.logentry", "pk": 108, "fields": {"action_time": "2023-05-21T12:03:06.453Z", "user": 1, "content_type": 9, "object_id": "17", "object_repr": "Strombeek-Bever", "action_flag": 1, "change_message": "new through import_export"}}, {"model": "admin.logentry", "pk": 109, "fields": {"action_time": "2023-05-21T12:03:06.500Z", "user": 1, "content_type": 9, "object_id": "16", "object_repr": "Louvain-La-Neuve", "action_flag": 1, "change_message": "new through import_export"}}, {"model": "admin.logentry", "pk": 110, "fields": {"action_time": "2023-05-21T12:03:06.546Z", "user": 1, "content_type": 9, "object_id": "15", "object_repr": "Woluwe-Saint-Lambert", "action_flag": 1, "change_message": "new through import_export"}}, {"model": "admin.logentry", "pk": 111, "fields": {"action_time": "2023-05-21T12:03:06.599Z", "user": 1, "content_type": 9, "object_id": "14", "object_repr": "Uccle", "action_flag": 1, "change_message": "new through import_export"}}, {"model": "admin.logentry", "pk": 112, "fields": {"action_time": "2023-05-21T12:03:06.649Z", "user": 1, "content_type": 9, "object_id": "13", "object_repr": "Watermael-Boitsfort", "action_flag": 1, "change_message": "new through import_export"}}, {"model": "admin.logentry", "pk": 113, "fields": {"action_time": "2023-05-21T12:03:06.696Z", "user": 1, "content_type": 9, "object_id": "12", "object_repr": "Liège", "action_flag": 1, "change_message": "new through import_export"}}, {"model": "admin.logentry", "pk": 114, "fields": {"action_time": "2023-05-21T12:03:06.742Z", "user": 1, "content_type": 9, "object_id": "11", "object_repr": "Namur", "action_flag": 1, "change_message": "new through import_export"}}, {"model": "admin.logentry", "pk": 115, "fields": {"action_time": "2023-05-21T12:03:06.793Z", "user": 1, "content_type": 9, "object_id": "10", "object_repr": "sint pieters leeuw", "action_flag": 1, "change_message": "new through import_export"}}, {"model": "admin.logentry", "pk": 116, "fields": {"action_time": "2023-05-21T12:03:06.845Z", "user": 1, "content_type": 9, "object_id": "9", "object_repr": "Anderlecht", "action_flag": 1, "change_message": "new through import_export"}}, {"model": "admin.logentry", "pk": 117, "fields": {"action_time": "2023-05-21T12:03:06.892Z", "user": 1, "content_type": 9, "object_id": "8", "object_repr": "Laeken", "action_flag": 1, "change_message": "new through import_export"}}, {"model": "admin.logentry", "pk": 118, "fields": {"action_time": "2023-05-21T12:03:06.939Z", "user": 1, "content_type": 9, "object_id": "7", "object_repr": "Ixelles", "action_flag": 1, "change_message": "new through import_export"}}, {"model": "admin.logentry", "pk": 119, "fields": {"action_time": "2023-05-21T12:03:06.991Z", "user": 1, "content_type": 9, "object_id": "6", "object_repr": "Saint-Josse", "action_flag": 1, "change_message": "new through import_export"}}, {"model": "admin.logentry", "pk": 120, "fields": {"action_time": "2023-05-21T12:03:07.041Z", "user": 1, "content_type": 9, "object_id": "5", "object_repr": "Evere", "action_flag": 1, "change_message": "new through import_export"}}, {"model": "admin.logentry", "pk": 121, "fields": {"action_time": "2023-05-21T12:03:07.089Z", "user": 1, "content_type": 9, "object_id": "4", "object_repr": "Molembeek", "action_flag": 1, "change_message": "new through import_export"}}, {"model": "admin.logentry", "pk": 122, "fields": {"action_time": "2023-05-21T12:03:07.134Z", "user": 1, "content_type": 9, "object_id": "3", "object_repr": "Auderghem", "action_flag": 1, "change_message": "new through import_export"}}, {"model": "admin.logentry", "pk": 123, "fields": {"action_time": "2023-05-21T12:03:07.186Z", "user": 1, "content_type": 9, "object_id": "2", "object_repr": "Schaerbeek", "action_flag": 1, "change_message": "new through import_export"}}, {"model": "admin.logentry", "pk": 124, "fields": {"action_time": "2023-05-21T12:03:07.237Z", "user": 1, "content_type": 9, "object_id": "1", "object_repr": "Brussel", "action_flag": 1, "change_message": "new through import_export"}}, {"model": "admin.logentry", "pk": 125, "fields": {"action_time": "2023-05-21T12:04:03.424Z", "user": 1, "content_type": 10, "object_id": "14", "object_repr": "Foret National", "action_flag": 3, "change_message": ""}}, {"model": "admin.logentry", "pk": 126, "fields": {"action_time": "2023-05-21T12:04:03.478Z", "user": 1, "content_type": 10, "object_id": "13", "object_repr": "Flagey", "action_flag": 3, "change_message": ""}}, {"model": "admin.logentry", "pk": 127, "fields": {"action_time": "2023-05-21T12:04:03.526Z", "user": 1, "content_type": 10, "object_id": "12", "object_repr": "Les Riches-Claires", "action_flag": 3, "change_message": ""}}, {"model": "admin.logentry", "pk": 128, "fields": {"action_time": "2023-05-21T12:04:03.573Z", "user": 1, "content_type": 10, "object_id": "11", "object_repr": "Cirque Royal", "action_flag": 3, "change_message": ""}}, {"model": "admin.logentry", "pk": 129, "fields": {"action_time": "2023-05-21T12:04:03.625Z", "user": 1, "content_type": 10, "object_id": "10", "object_repr": "bozar bruxelles", "action_flag": 3, "change_message": ""}}, {"model": "admin.logentry", "pk": 130, "fields": {"action_time": "2023-05-21T12:04:03.674Z", "user": 1, "content_type": 10, "object_id": "9", "object_repr": "Beursschouwburg (Théâtre de la Bourse)", "action_flag": 3, "change_message": ""}}, {"model": "admin.logentry", "pk": 131, "fields": {"action_time": "2023-05-21T12:04:03.721Z", "user": 1, "content_type": 10, "object_id": "8", "object_repr": "Koninklijke Vlaamse Schouwburg (KVS)", "action_flag": 3, "change_message": ""}}, {"model": "admin.logentry", "pk": 132, "fields": {"action_time": "2023-05-21T12:04:03.767Z", "user": 1, "content_type": 10, "object_id": "7", "object_repr": "Théâtre National Wallonie-Bruxelles", "action_flag": 3, "change_message": ""}}, {"model": "admin.logentry", "pk": 133, "fields": {"action_time": "2023-05-21T12:04:03.819Z", "user": 1, "content_type": 10, "object_id": "6", "object_repr": "La Monnaie", "action_flag": 3, "change_message": ""}}, {"model": "admin.logentry", "pk": 134, "fields": {"action_time": "2023-05-21T12:04:03.870Z", "user": 1, "content_type": 10, "object_id": "5", "object_repr": "Stadium1", "action_flag": 3, "change_message": ""}}, {"model": "admin.logentry", "pk": 135, "fields": {"action_time": "2023-05-21T12:04:03.916Z", "user": 1, "content_type": 10, "object_id": "4", "object_repr": "Stadium", "action_flag": 3, "change_message": ""}}, {"model": "admin.logentry", "pk": 136, "fields": {"action_time": "2023-05-21T12:04:03.962Z", "user": 1, "content_type": 10, "object_id": "3", "object_repr": "Hall De Schaerbeek", "action_flag": 3, "change_message": ""}}, {"model": "admin.logentry", "pk": 137, "fields": {"action_time": "2023-05-21T12:04:04.013Z", "user": 1, "content_type": 10, "object_id": "2", "object_repr": "Centre Culturelle d'Auderghem", "action_flag": 3, "change_message": ""}}, {"model": "admin.logentry", "pk": 138, "fields": {"action_time": "2023-05-21T12:04:04.062Z", "user": 1, "content_type": 10, "object_id": "1", "object_repr": "L'Ancienne Belgique", "action_flag": 3, "change_message": ""}}, {"model": "admin.logentry", "pk": 139, "fields": {"action_time": "2023-05-21T12:04:38.805Z", "user": 1, "content_type": 9, "object_id": "20", "object_repr": "Zottegem", "action_flag": 3, "change_message": ""}}, {"model": "admin.logentry", "pk": 140, "fields": {"action_time": "2023-05-21T12:04:38.856Z", "user": 1, "content_type": 9, "object_id": "19", "object_repr": "Wetteren", "action_flag": 3, "change_message": ""}}, {"model": "admin.logentry", "pk": 141, "fields": {"action_time": "2023-05-21T12:04:38.902Z", "user": 1, "content_type": 9, "object_id": "18", "object_repr": "Andenne", "action_flag": 3, "change_message": ""}}, {"model": "admin.logentry", "pk": 142, "fields": {"action_time": "2023-05-21T12:04:38.953Z", "user": 1, "content_type": 9, "object_id": "17", "object_repr": "Strombeek-Bever", "action_flag": 3, "change_message": ""}}, {"model": "admin.logentry", "pk": 143, "fields": {"action_time": "2023-05-21T12:04:39.004Z", "user": 1, "content_type": 9, "object_id": "16", "object_repr": "Louvain-La-Neuve", "action_flag": 3, "change_message": ""}}, {"model": "admin.logentry", "pk": 144, "fields": {"action_time": "2023-05-21T12:04:39.050Z", "user": 1, "content_type": 9, "object_id": "15", "object_repr": "Woluwe-Saint-Lambert", "action_flag": 3, "change_message": ""}}, {"model": "admin.logentry", "pk": 145, "fields": {"action_time": "2023-05-21T12:04:39.096Z", "user": 1, "content_type": 9, "object_id": "14", "object_repr": "Uccle", "action_flag": 3, "change_message": ""}}, {"model": "admin.logentry", "pk": 146, "fields": {"action_time": "2023-05-21T12:04:39.148Z", "user": 1, "content_type": 9, "object_id": "13", "object_repr": "Watermael-Boitsfort", "action_flag": 3, "change_message": ""}}, {"model": "admin.logentry", "pk": 147, "fields": {"action_time": "2023-05-21T12:04:39.198Z", "user": 1, "content_type": 9, "object_id": "12", "object_repr": "Liège", "action_flag": 3, "change_message": ""}}, {"model": "admin.logentry", "pk": 148, "fields": {"action_time": "2023-05-21T12:04:39.244Z", "user": 1, "content_type": 9, "object_id": "11", "object_repr": "Namur", "action_flag": 3, "change_message": ""}}, {"model": "admin.logentry", "pk": 149, "fields": {"action_time": "2023-05-21T12:04:39.290Z", "user": 1, "content_type": 9, "object_id": "10", "object_repr": "sint pieters leeuw", "action_flag": 3, "change_message": ""}}, {"model": "admin.logentry", "pk": 150, "fields": {"action_time": "2023-05-21T12:04:39.343Z", "user": 1, "content_type": 9, "object_id": "9", "object_repr": "Anderlecht", "action_flag": 3, "change_message": ""}}, {"model": "admin.logentry", "pk": 151, "fields": {"action_time": "2023-05-21T12:04:39.393Z", "user": 1, "content_type": 9, "object_id": "8", "object_repr": "Laeken", "action_flag": 3, "change_message": ""}}, {"model": "admin.logentry", "pk": 152, "fields": {"action_time": "2023-05-21T12:04:39.439Z", "user": 1, "content_type": 9, "object_id": "7", "object_repr": "Ixelles", "action_flag": 3, "change_message": ""}}, {"model": "admin.logentry", "pk": 153, "fields": {"action_time": "2023-05-21T12:04:39.484Z", "user": 1, "content_type": 9, "object_id": "6", "object_repr": "Saint-Josse", "action_flag": 3, "change_message": ""}}, {"model": "admin.logentry", "pk": 154, "fields": {"action_time": "2023-05-21T12:04:39.535Z", "user": 1, "content_type": 9, "object_id": "5", "object_repr": "Evere", "action_flag": 3, "change_message": ""}}, {"model": "admin.logentry", "pk": 155, "fields": {"action_time": "2023-05-21T12:04:39.586Z", "user": 1, "content_type": 9, "object_id": "4", "object_repr": "Molembeek", "action_flag": 3, "change_message": ""}}, {"model": "admin.logentry", "pk": 156, "fields": {"action_time": "2023-05-21T12:04:39.633Z", "user": 1, "content_type": 9, "object_id": "3", "object_repr": "Auderghem", "action_flag": 3, "change_message": ""}}, {"model": "admin.logentry", "pk": 157, "fields": {"action_time": "2023-05-21T12:04:39.679Z", "user": 1, "content_type": 9, "object_id": "2", "object_repr": "Schaerbeek", "action_flag": 3, "change_message": ""}}, {"model": "admin.logentry", "pk": 158, "fields": {"action_time": "2023-05-21T12:04:39.731Z", "user": 1, "content_type": 9, "object_id": "1", "object_repr": "Brussel", "action_flag": 3, "change_message": ""}}, {"model": "admin.logentry", "pk": 159, "fields": {"action_time": "2023-05-21T12:05:02.160Z", "user": 1, "content_type": 9, "object_id": "21", "object_repr": "Bruxelles", "action_flag": 1, "change_message": "[{\"added\": {}}]"}}, {"model": "admin.logentry", "pk": 160, "fields": {"action_time": "2023-05-21T12:05:11.331Z", "user": 1, "content_type": 9, "object_id": "22", "object_repr": "Anvers", "action_flag": 1, "change_message": "[{\"added\": {}}]"}}, {"model": "admin.logentry", "pk": 161, "fields": {"action_time": "2023-05-21T12:05:20.114Z", "user": 1, "content_type": 9, "object_id": "23", "object_repr": "Liege", "action_flag": 1, "change_message": "[{\"added\": {}}]"}}, {"model": "admin.logentry", "pk": 162, "fields": {"action_time": "2023-05-21T12:06:11.550Z", "user": 1, "content_type": 9, "object_id": "23", "object_repr": "Liege", "action_flag": 2, "change_message": "[{\"changed\": {\"fields\": [\"Postal code\"]}}]"}}, {"model": "admin.logentry", "pk": 163, "fields": {"action_time": "2023-05-21T12:06:48.964Z", "user": 1, "content_type": 9, "object_id": "24", "object_repr": "Charleroi", "action_flag": 1, "change_message": "[{\"added\": {}}]"}}, {"model": "admin.logentry", "pk": 164, "fields": {"action_time": "2023-05-21T12:07:22.490Z", "user": 1, "content_type": 9, "object_id": "25", "object_repr": "Namur", "action_flag": 1, "change_message": "[{\"added\": {}}]"}}, {"model": "admin.logentry", "pk": 165, "fields": {"action_time": "2023-05-21T12:07:44.480Z", "user": 1, "content_type": 9, "object_id": "26", "object_repr": "Gand", "action_flag": 1, "change_message": "[{\"added\": {}}]"}}, {"model": "admin.logentry", "pk": 166, "fields": {"action_time": "2023-05-21T12:08:10.117Z", "user": 1, "content_type": 9, "object_id": "27", "object_repr": "Mechelen", "action_flag": 1, "change_message": "[{\"added\": {}}]"}}, {"model": "admin.logentry", "pk": 167, "fields": {"action_time": "2023-05-21T12:08:38.561Z", "user": 1, "content_type": 9, "object_id": "28", "object_repr": "Tournai", "action_flag": 1, "change_message": "[{\"added\": {}}]"}}, {"model": "admin.logentry", "pk": 168, "fields": {"action_time": "2023-05-21T12:08:59.949Z", "user": 1, "content_type": 9, "object_id": "29", "object_repr": "Courtrai", "action_flag": 1, "change_message": "[{\"added\": {}}]"}}, {"model": "admin.logentry", "pk": 169, "fields": {"action_time": "2023-05-21T12:09:43.083Z", "user": 1, "content_type": 9, "object_id": "30", "object_repr": "Hasselt", "action_flag": 1, "change_message": "[{\"added\": {}}]"}}, {"model": "admin.logentry", "pk": 170, "fields": {"action_time": "2023-05-21T12:10:35.543Z", "user": 1, "content_type": 9, "object_id": "31", "object_repr": "Brugges", "action_flag": 1, "change_message": "[{\"added\": {}}]"}}, {"model": "admin.logentry", "pk": 171, "fields": {"action_time": "2023-05-21T12:10:43.826Z", "user": 1, "content_type": 9, "object_id": "32", "object_repr": "Zemst", "action_flag": 1, "change_message": "[{\"added\": {}}]"}}, {"model": "admin.logentry", "pk": 172, "fields": {"action_time": "2023-05-21T12:13:02.606Z", "user": 1, "content_type": 9, "object_id": "33", "object_repr": "Forest", "action_flag": 1, "change_message": "[{\"added\": {}}]"}}, {"model": "admin.logentry", "pk": 173, "fields": {"action_time": "2023-05-21T12:13:22.847Z", "user": 1, "content_type": 10, "object_id": "15", "object_repr": "Foret National", "action_flag": 1, "change_message": "[{\"added\": {}}]"}}, {"model": "admin.logentry", "pk": 174, "fields": {"action_time": "2023-05-21T12:14:10.376Z", "user": 1, "content_type": 10, "object_id": "16", "object_repr": "Flagey", "action_flag": 1, "change_message": "[{\"added\": {}}]"}}, {"model": "admin.logentry", "pk": 175, "fields": {"action_time": "2023-05-21T12:14:55.797Z", "user": 1, "content_type": 10, "object_id": "17", "object_repr": "Les Riches-Claires", "action_flag": 1, "change_message": "[{\"added\": {}}]"}}, {"model": "admin.logentry", "pk": 176, "fields": {"action_time": "2023-05-21T12:15:38.716Z", "user": 1, "content_type": 10, "object_id": "18", "object_repr": "Cirque Royal", "action_flag": 1, "change_message": "[{\"added\": {}}]"}}, {"model": "admin.logentry", "pk": 177, "fields": {"action_time": "2023-05-21T12:16:47.127Z", "user": 1, "content_type": 10, "object_id": "19", "object_repr": "Bozar de Bruxelles", "action_flag": 1, "change_message": "[{\"added\": {}}]"}}, {"model": "admin.logentry", "pk": 178, "fields": {"action_time": "2023-05-21T12:17:32.349Z", "user": 1, "content_type": 10, "object_id": "20", "object_repr": "Beursschouwburg (Théâtre de la Bourse)", "action_flag": 1, "change_message": "[{\"added\": {}}]"}}, {"model": "admin.logentry", "pk": 179, "fields": {"action_time": "2023-05-21T12:18:21.201Z", "user": 1, "content_type": 10, "object_id": "21", "object_repr": "Koninklijke Vlaamse Schouwburg", "action_flag": 1, "change_message": "[{\"added\": {}}]"}}, {"model": "admin.logentry", "pk": 180, "fields": {"action_time": "2023-05-21T12:19:04.578Z", "user": 1, "content_type": 10, "object_id": "22", "object_repr": "Théâtre National Wallonie-Bruxelles", "action_flag": 1, "change_message": "[{\"added\": {}}]"}}, {"model": "admin.logentry", "pk": 181, "fields": {"action_time": "2023-05-21T12:19:45.100Z", "user": 1, "content_type": 10, "object_id": "23", "object_repr": "La Monnaie", "action_flag": 1, "change_message": "[{\"added\": {}}]"}}, {"model": "admin.logentry", "pk": 182, "fields": {"action_time": "2023-05-21T12:20:56.292Z", "user": 1, "content_type": 9, "object_id": "34", "object_repr": "Schaerbeek", "action_flag": 1, "change_message": "[{\"added\": {}}]"}}, {"model": "admin.logentry", "pk": 183, "fields": {"action_time": "2023-05-21T12:21:20.087Z", "user": 1, "content_type": 10, "object_id": "24", "object_repr": "Stadium", "action_flag": 1, "change_message": "[{\"added\": {}}]"}}, {"model": "admin.logentry", "pk": 184, "fields": {"action_time": "2023-05-21T12:22:00.096Z", "user": 1, "content_type": 10, "object_id": "25", "object_repr": "Hall De Schaerbeek", "action_flag": 1, "change_message": "[{\"added\": {}}]"}}, {"model": "admin.logentry", "pk": 185, "fields": {"action_time": "2023-05-21T12:22:46.381Z", "user": 1, "content_type": 10, "object_id": "26", "object_repr": "Centre Culturelle d'Auderghem", "action_flag": 1, "change_message": "[{\"added\": {}}]"}}, {"model": "admin.logentry", "pk": 186, "fields": {"action_time": "2023-05-21T12:23:29.998Z", "user": 1, "content_type": 10, "object_id": "27", "object_repr": "L'Ancienne Belgique", "action_flag": 1, "change_message": "[{\"added\": {}}]"}}, {"model": "admin.logentry", "pk": 187, "fields": {"action_time": "2023-05-21T12:25:17.606Z", "user": 1, "content_type": 10, "object_id": "28", "object_repr": "Palais des Sports d'Anvers", "action_flag": 1, "change_message": "[{\"added\": {}}]"}}, {"model": "admin.logentry", "pk": 188, "fields": {"action_time": "2023-05-21T12:28:39.496Z", "user": 1, "content_type": 10, "object_id": "29", "object_repr": "Le Grand Manege", "action_flag": 1, "change_message": "[{\"added\": {}}]"}}, {"model": "admin.logentry", "pk": 189, "fields": {"action_time": "2023-05-21T12:30:31.853Z", "user": 1, "content_type": 10, "object_id": "30", "object_repr": "Opera Royal de Wallonie", "action_flag": 1, "change_message": "[{\"added\": {}}]"}}, {"model": "admin.logentry", "pk": 190, "fields": {"action_time": "2023-05-21T12:33:07.070Z", "user": 1, "content_type": 10, "object_id": "31", "object_repr": "Theatre de l'Ancre", "action_flag": 1, "change_message": "[{\"added\": {}}]"}}, {"model": "admin.logentry", "pk": 191, "fields": {"action_time": "2023-05-21T12:35:00.511Z", "user": 1, "content_type": 10, "object_id": "32", "object_repr": "Ha Concerts", "action_flag": 1, "change_message": "[{\"added\": {}}]"}}, {"model": "admin.logentry", "pk": 192, "fields": {"action_time": "2023-05-21T12:38:26.920Z", "user": 1, "content_type": 10, "object_id": "33", "object_repr": "Le Water Moulin", "action_flag": 1, "change_message": "[{\"added\": {}}]"}}, {"model": "admin.logentry", "pk": 193, "fields": {"action_time": "2023-05-21T13:11:46.664Z", "user": 1, "content_type": 15, "object_id": "23", "object_repr": "Lady Gaga", "action_flag": 2, "change_message": "[{\"changed\": {\"fields\": [\"Bookable\"]}}]"}}, {"model": "admin.logentry", "pk": 194, "fields": {"action_time": "2023-05-21T13:40:30.619Z", "user": 1, "content_type": 7, "object_id": "7", "object_repr": "Drake .", "action_flag": 1, "change_message": "[{\"added\": {}}]"}}, {"model": "admin.logentry", "pk": 195, "fields": {"action_time": "2023-05-21T13:40:45.213Z", "user": 1, "content_type": 7, "object_id": "8", "object_repr": "Lady Gaga", "action_flag": 1, "change_message": "[{\"added\": {}}]"}}, {"model": "admin.logentry", "pk": 196, "fields": {"action_time": "2023-05-21T13:41:01.593Z", "user": 1, "content_type": 7, "object_id": "9", "object_repr": "Taylor Swift", "action_flag": 1, "change_message": "[{\"added\": {}}]"}}, {"model": "admin.logentry", "pk": 197, "fields": {"action_time": "2023-05-21T13:41:20.126Z", "user": 1, "content_type": 7, "object_id": "10", "object_repr": "Orelsan .", "action_flag": 1, "change_message": "[{\"added\": {}}]"}}, {"model": "admin.logentry", "pk": 198, "fields": {"action_time": "2023-05-21T13:41:38.347Z", "user": 1, "content_type": 7, "object_id": "11", "object_repr": "Ed Sheran", "action_flag": 1, "change_message": "[{\"added\": {}}]"}}, {"model": "admin.logentry", "pk": 199, "fields": {"action_time": "2023-05-21T13:41:52.126Z", "user": 1, "content_type": 7, "object_id": "12", "object_repr": "Bruno Mars", "action_flag": 1, "change_message": "[{\"added\": {}}]"}}, {"model": "admin.logentry", "pk": 200, "fields": {"action_time": "2023-05-21T13:42:07.030Z", "user": 1, "content_type": 7, "object_id": "13", "object_repr": "Baptiste Lecaplain", "action_flag": 1, "change_message": "[{\"added\": {}}]"}}, {"model": "admin.logentry", "pk": 201, "fields": {"action_time": "2023-05-21T13:42:22.660Z", "user": 1, "content_type": 7, "object_id": "14", "object_repr": "Ary Abittan", "action_flag": 1, "change_message": "[{\"added\": {}}]"}}, {"model": "admin.logentry", "pk": 202, "fields": {"action_time": "2023-05-21T13:42:29.790Z", "user": 1, "content_type": 7, "object_id": "15", "object_repr": "Arnaud Tsamere", "action_flag": 1, "change_message": "[{\"added\": {}}]"}}, {"model": "admin.logentry", "pk": 203, "fields": {"action_time": "2023-05-21T13:42:47.403Z", "user": 1, "content_type": 7, "object_id": "16", "object_repr": "Arnaud Ducret", "action_flag": 1, "change_message": "[{\"added\": {}}]"}}, {"model": "admin.logentry", "pk": 204, "fields": {"action_time": "2023-05-21T13:42:56.220Z", "user": 1, "content_type": 7, "object_id": "17", "object_repr": "Anne Roumanoff", "action_flag": 1, "change_message": "[{\"added\": {}}]"}}, {"model": "admin.logentry", "pk": 205, "fields": {"action_time": "2023-05-21T13:43:15.734Z", "user": 1, "content_type": 7, "object_id": "18", "object_repr": "Alex Lutz", "action_flag": 1, "change_message": "[{\"added\": {}}]"}}, {"model": "admin.logentry", "pk": 206, "fields": {"action_time": "2023-05-21T13:43:35.154Z", "user": 1, "content_type": 7, "object_id": "19", "object_repr": "Alban Ivanov", "action_flag": 1, "change_message": "[{\"added\": {}}]"}}, {"model": "admin.logentry", "pk": 207, "fields": {"action_time": "2023-05-21T13:43:43.513Z", "user": 1, "content_type": 7, "object_id": "20", "object_repr": "Adele .", "action_flag": 1, "change_message": "[{\"added\": {}}]"}}, {"model": "admin.logentry", "pk": 208, "fields": {"action_time": "2023-05-21T13:43:54.316Z", "user": 1, "content_type": 7, "object_id": "21", "object_repr": "Waly Dia", "action_flag": 1, "change_message": "[{\"added\": {}}]"}}, {"model": "admin.logentry", "pk": 209, "fields": {"action_time": "2023-05-21T13:50:30.148Z", "user": 1, "content_type": 11, "object_id": "11", "object_repr": "Waly Dia | Ensemble ou rien - 2023-06-01 18:00:00+00:00 - Foret National", "action_flag": 1, "change_message": "[{\"added\": {}}]"}}, {"model": "admin.logentry", "pk": 210, "fields": {"action_time": "2023-05-21T13:50:45.211Z", "user": 1, "content_type": 11, "object_id": "12", "object_repr": "Waly Dia | Ensemble ou rien - 2023-06-08 18:00:00+00:00 - Flagey", "action_flag": 1, "change_message": "[{\"added\": {}}]"}}, {"model": "admin.logentry", "pk": 211, "fields": {"action_time": "2023-05-21T13:50:59.200Z", "user": 1, "content_type": 11, "object_id": "13", "object_repr": "Waly Dia | Ensemble ou rien - 2023-06-13 18:00:00+00:00 - Les Riches-Claires", "action_flag": 1, "change_message": "[{\"added\": {}}]"}}, {"model": "admin.logentry", "pk": 212, "fields": {"action_time": "2023-05-21T13:51:14.782Z", "user": 1, "content_type": 11, "object_id": "14", "object_repr": "Waly Dia | Ensemble ou rien - 2023-06-15 18:00:00+00:00 - La Monnaie", "action_flag": 1, "change_message": "[{\"added\": {}}]"}}, {"model": "admin.logentry", "pk": 213, "fields": {"action_time": "2023-05-21T13:51:27.809Z", "user": 1, "content_type": 11, "object_id": "15", "object_repr": "Waly Dia | Ensemble ou rien - 2023-06-27 18:00:00+00:00 - Centre Culturelle d'Auderghem", "action_flag": 1, "change_message": "[{\"added\": {}}]"}}, {"model": "admin.logentry", "pk": 214, "fields": {"action_time": "2023-05-21T13:51:45.444Z", "user": 1, "content_type": 11, "object_id": "16", "object_repr": "Waly Dia | Ensemble ou rien - 2023-07-25 18:00:00+00:00 - Opera Royal de Wallonie", "action_flag": 1, "change_message": "[{\"added\": {}}]"}}, {"model": "admin.logentry", "pk": 215, "fields": {"action_time": "2023-05-21T13:52:02.616Z", "user": 1, "content_type": 11, "object_id": "17", "object_repr": "Adel Live - 2023-06-01 18:00:00+00:00 - Foret National", "action_flag": 1, "change_message": "[{\"added\": {}}]"}}, {"model": "admin.logentry", "pk": 216, "fields": {"action_time": "2023-05-21T13:52:27.328Z", "user": 1, "content_type": 11, "object_id": "18", "object_repr": "Adel Live - 2023-06-06 18:00:00+00:00 - Palais des Sports d'Anvers", "action_flag": 1, "change_message": "[{\"added\": {}}]"}}, {"model": "admin.logentry", "pk": 217, "fields": {"action_time": "2023-05-21T13:52:50.024Z", "user": 1, "content_type": 11, "object_id": "19", "object_repr": "Adel Live - 2023-07-21 18:00:00+00:00 - L'Ancienne Belgique", "action_flag": 1, "change_message": "[{\"added\": {}}]"}}, {"model": "admin.logentry", "pk": 218, "fields": {"action_time": "2023-05-21T13:53:11.467Z", "user": 1, "content_type": 11, "object_id": "20", "object_repr": "Adel Live - 2023-07-26 18:00:00+00:00 - Ha Concerts", "action_flag": 1, "change_message": "[{\"added\": {}}]"}}, {"model": "admin.logentry", "pk": 219, "fields": {"action_time": "2023-05-21T13:53:24Z", "user": 1, "content_type": 11, "object_id": "21", "object_repr": "Adel Live - 2023-08-17 18:00:00+00:00 - L'Ancienne Belgique", "action_flag": 1, "change_message": "[{\"added\": {}}]"}}, {"model": "admin.logentry", "pk": 220, "fields": {"action_time": "2023-05-21T13:56:23.248Z", "user": 1, "content_type": 11, "object_id": "22", "object_repr": "Vedette Alban Ivanov - 2023-06-01 18:00:00+00:00 - Les Riches-Claires", "action_flag": 1, "change_message": "[{\"added\": {}}]"}}, {"model": "admin.logentry", "pk": 221, "fields": {"action_time": "2023-05-21T13:56:45.085Z", "user": 1, "content_type": 11, "object_id": "23", "object_repr": "Vedette Alban Ivanov - 2023-06-02 18:00:00+00:00 - Théâtre National Wallonie-Bruxelles", "action_flag": 1, "change_message": "[{\"added\": {}}]"}}, {"model": "admin.logentry", "pk": 222, "fields": {"action_time": "2023-05-21T13:57:05.563Z", "user": 1, "content_type": 11, "object_id": "24", "object_repr": "Vedette Alban Ivanov - 2023-05-11 18:00:00+00:00 - Bozar de Bruxelles", "action_flag": 1, "change_message": "[{\"added\": {}}]"}}, {"model": "admin.logentry", "pk": 223, "fields": {"action_time": "2023-05-21T13:57:25.106Z", "user": 1, "content_type": 11, "object_id": "25", "object_repr": "Vedette Alban Ivanov - 2023-06-15 18:00:00+00:00 - Centre Culturelle d'Auderghem", "action_flag": 1, "change_message": "[{\"added\": {}}]"}}, {"model": "admin.logentry", "pk": 224, "fields": {"action_time": "2023-05-21T13:57:39.418Z", "user": 1, "content_type": 11, "object_id": "26", "object_repr": "Vedette Alban Ivanov - 2023-06-20 18:00:00+00:00 - Le Grand Manege", "action_flag": 1, "change_message": "[{\"added\": {}}]"}}, {"model": "admin.logentry", "pk": 225, "fields": {"action_time": "2023-05-21T13:58:05.626Z", "user": 1, "content_type": 11, "object_id": "27", "object_repr": "Alex Lutz | Dernieres pour de vrai - 2023-06-12 18:00:00+00:00 - Beursschouwburg (Théâtre de la Bourse)", "action_flag": 1, "change_message": "[{\"added\": {}}]"}}, {"model": "admin.logentry", "pk": 226, "fields": {"action_time": "2023-05-21T13:58:25.618Z", "user": 1, "content_type": 11, "object_id": "28", "object_repr": "Alex Lutz | Dernieres pour de vrai - 2023-06-14 18:00:00+00:00 - Bozar de Bruxelles", "action_flag": 1, "change_message": "[{\"added\": {}}]"}}, {"model": "admin.logentry", "pk": 227, "fields": {"action_time": "2023-05-21T13:58:38.794Z", "user": 1, "content_type": 11, "object_id": "29", "object_repr": "Alex Lutz | Dernieres pour de vrai - 2023-05-23 18:00:00+00:00 - Koninklijke Vlaamse Schouwburg", "action_flag": 1, "change_message": "[{\"added\": {}}]"}}, {"model": "admin.logentry", "pk": 228, "fields": {"action_time": "2023-05-21T13:58:51.875Z", "user": 1, "content_type": 11, "object_id": "30", "object_repr": "Alex Lutz | Dernieres pour de vrai - 2023-06-23 18:00:00+00:00 - La Monnaie", "action_flag": 1, "change_message": "[{\"added\": {}}]"}}, {"model": "admin.logentry", "pk": 229, "fields": {"action_time": "2023-05-21T13:59:12.134Z", "user": 1, "content_type": 11, "object_id": "31", "object_repr": "Alex Lutz | Dernieres pour de vrai - 2023-06-27 18:00:00+00:00 - Centre Culturelle d'Auderghem", "action_flag": 1, "change_message": "[{\"added\": {}}]"}}, {"model": "admin.logentry", "pk": 230, "fields": {"action_time": "2023-05-21T13:59:32.778Z", "user": 1, "content_type": 11, "object_id": "32", "object_repr": "Anne Roumanoff | Tous va presque bien - 2023-06-28 18:00:00+00:00 - La Monnaie", "action_flag": 1, "change_message": "[{\"added\": {}}]"}}, {"model": "admin.logentry", "pk": 231, "fields": {"action_time": "2023-05-21T13:59:45.998Z", "user": 1, "content_type": 11, "object_id": "33", "object_repr": "Anne Roumanoff | Tous va presque bien - 2023-06-21 18:00:00+00:00 - Bozar de Bruxelles", "action_flag": 1, "change_message": "[{\"added\": {}}]"}}, {"model": "admin.logentry", "pk": 232, "fields": {"action_time": "2023-05-21T14:00:02.516Z", "user": 1, "content_type": 11, "object_id": "34", "object_repr": "Anne Roumanoff | Tous va presque bien - 2023-07-18 18:00:00+00:00 - Le Grand Manege", "action_flag": 1, "change_message": "[{\"added\": {}}]"}}, {"model": "admin.logentry", "pk": 233, "fields": {"action_time": "2023-05-21T14:00:18.484Z", "user": 1, "content_type": 11, "object_id": "35", "object_repr": "Anne Roumanoff | Tous va presque bien - 2023-06-21 18:00:00+00:00 - Theatre de l'Ancre", "action_flag": 1, "change_message": "[{\"added\": {}}]"}}, {"model": "admin.logentry", "pk": 234, "fields": {"action_time": "2023-05-21T14:00:42.962Z", "user": 1, "content_type": 11, "object_id": "36", "object_repr": "Anne Roumanoff | Tous va presque bien - 2023-07-26 18:00:00+00:00 - Le Water Moulin", "action_flag": 1, "change_message": "[{\"added\": {}}]"}}, {"model": "admin.logentry", "pk": 235, "fields": {"action_time": "2023-05-21T14:01:06.198Z", "user": 1, "content_type": 11, "object_id": "37", "object_repr": "Arnaud Ducret | That's life - 2023-08-10 18:00:00+00:00 - Les Riches-Claires", "action_flag": 1, "change_message": "[{\"added\": {}}]"}}, {"model": "admin.logentry", "pk": 236, "fields": {"action_time": "2023-05-21T14:01:22.092Z", "user": 1, "content_type": 11, "object_id": "38", "object_repr": "Arnaud Ducret | That's life - 2023-08-14 18:00:00+00:00 - Beursschouwburg (Théâtre de la Bourse)", "action_flag": 1, "change_message": "[{\"added\": {}}]"}}, {"model": "admin.logentry", "pk": 237, "fields": {"action_time": "2023-05-21T14:01:38.522Z", "user": 1, "content_type": 11, "object_id": "39", "object_repr": "Arnaud Ducret | That's life - 2023-07-15 18:00:00+00:00 - Koninklijke Vlaamse Schouwburg", "action_flag": 1, "change_message": "[{\"added\": {}}]"}}, {"model": "admin.logentry", "pk": 238, "fields": {"action_time": "2023-05-21T14:02:05.257Z", "user": 1, "content_type": 11, "object_id": "40", "object_repr": "Arnaud Ducret | That's life - 2023-08-24 18:00:00+00:00 - Theatre de l'Ancre", "action_flag": 1, "change_message": "[{\"added\": {}}]"}}, {"model": "admin.logentry", "pk": 239, "fields": {"action_time": "2023-05-21T14:02:42.909Z", "user": 1, "content_type": 11, "object_id": "41", "object_repr": "Arnaud Ducret | That's life - 2023-09-15 18:00:00+00:00 - Stadium", "action_flag": 1, "change_message": "[{\"added\": {}}]"}}, {"model": "admin.logentry", "pk": 240, "fields": {"action_time": "2023-05-21T14:04:28.526Z", "user": 1, "content_type": 11, "object_id": "42", "object_repr": "ED Sheran World Tour - 2023-05-30 18:00:00+00:00 - Palais des Sports d'Anvers", "action_flag": 1, "change_message": "[{\"added\": {}}]"}}, {"model": "admin.logentry", "pk": 241, "fields": {"action_time": "2023-05-21T14:05:31.961Z", "user": 1, "content_type": 11, "object_id": "43", "object_repr": "ED Sheran World Tour - 2023-07-27 18:00:00+00:00 - Palais des Sports d'Anvers", "action_flag": 1, "change_message": "[{\"added\": {}}]"}}, {"model": "admin.logentry", "pk": 242, "fields": {"action_time": "2023-05-21T14:05:48.758Z", "user": 1, "content_type": 11, "object_id": "44", "object_repr": "ED Sheran World Tour - 2023-07-28 18:00:00+00:00 - Palais des Sports d'Anvers", "action_flag": 1, "change_message": "[{\"added\": {}}]"}}, {"model": "admin.logentry", "pk": 243, "fields": {"action_time": "2023-05-21T14:06:08.703Z", "user": 1, "content_type": 11, "object_id": "45", "object_repr": "ED Sheran World Tour - 2023-07-26 18:00:00+00:00 - Palais des Sports d'Anvers", "action_flag": 1, "change_message": "[{\"added\": {}}]"}}, {"model": "admin.logentry", "pk": 244, "fields": {"action_time": "2023-05-21T14:06:32.579Z", "user": 1, "content_type": 11, "object_id": "46", "object_repr": "Arnaud Tsamere | 2 mariages et un enterrement - 2023-09-26 18:00:00+00:00 - Les Riches-Claires", "action_flag": 1, "change_message": "[{\"added\": {}}]"}}, {"model": "admin.logentry", "pk": 245, "fields": {"action_time": "2023-05-21T14:06:46.178Z", "user": 1, "content_type": 11, "object_id": "47", "object_repr": "Arnaud Tsamere | 2 mariages et un enterrement - 2023-09-27 18:00:00+00:00 - Centre Culturelle d'Auderghem", "action_flag": 1, "change_message": "[{\"added\": {}}]"}}, {"model": "admin.logentry", "pk": 246, "fields": {"action_time": "2023-05-21T14:07:03.336Z", "user": 1, "content_type": 11, "object_id": "48", "object_repr": "Arnaud Tsamere | 2 mariages et un enterrement - 2023-09-28 18:00:00+00:00 - Bozar de Bruxelles", "action_flag": 1, "change_message": "[{\"added\": {}}]"}}, {"model": "admin.logentry", "pk": 247, "fields": {"action_time": "2023-05-21T14:07:17.976Z", "user": 1, "content_type": 11, "object_id": "49", "object_repr": "Arnaud Tsamere | 2 mariages et un enterrement - 2023-09-29 18:00:00+00:00 - La Monnaie", "action_flag": 1, "change_message": "[{\"added\": {}}]"}}, {"model": "admin.logentry", "pk": 248, "fields": {"action_time": "2023-05-21T14:09:04.460Z", "user": 1, "content_type": 11, "object_id": "50", "object_repr": "Drake | European Tour - 2023-07-14 18:00:00+00:00 - Foret National", "action_flag": 1, "change_message": "[{\"added\": {}}]"}}, {"model": "admin.logentry", "pk": 249, "fields": {"action_time": "2023-05-21T14:09:24.559Z", "user": 1, "content_type": 11, "object_id": "51", "object_repr": "Drake | European Tour - 2023-08-17 18:00:00+00:00 - Palais des Sports d'Anvers", "action_flag": 1, "change_message": "[{\"added\": {}}]"}}, {"model": "admin.logentry", "pk": 250, "fields": {"action_time": "2023-05-21T14:09:42.841Z", "user": 1, "content_type": 11, "object_id": "52", "object_repr": "Lady Gaga | World Tour - 2023-08-18 18:00:00+00:00 - Cirque Royal", "action_flag": 1, "change_message": "[{\"added\": {}}]"}}, {"model": "admin.logentry", "pk": 251, "fields": {"action_time": "2023-05-21T14:09:59.548Z", "user": 1, "content_type": 11, "object_id": "53", "object_repr": "Lady Gaga | World Tour - 2023-08-25 18:00:00+00:00 - Palais des Sports d'Anvers", "action_flag": 1, "change_message": "[{\"added\": {}}]"}}, {"model": "admin.logentry", "pk": 252, "fields": {"action_time": "2023-05-21T14:10:22.557Z", "user": 1, "content_type": 11, "object_id": "54", "object_repr": "Taylor Swift | Reputation Stadium Tour - 2023-09-15 18:00:00+00:00 - Hall De Schaerbeek", "action_flag": 1, "change_message": "[{\"added\": {}}]"}}, {"model": "admin.logentry", "pk": 253, "fields": {"action_time": "2023-05-21T14:10:40.255Z", "user": 1, "content_type": 11, "object_id": "55", "object_repr": "Taylor Swift | Reputation Stadium Tour - 2023-09-22 18:00:00+00:00 - Centre Culturelle d'Auderghem", "action_flag": 1, "change_message": "[{\"added\": {}}]"}}, {"model": "admin.logentry", "pk": 254, "fields": {"action_time": "2023-05-21T14:10:55.136Z", "user": 1, "content_type": 11, "object_id": "56", "object_repr": "Orelsan Tour - 2023-07-18 18:00:00+00:00 - Opera Royal de Wallonie", "action_flag": 1, "change_message": "[{\"added\": {}}]"}}, {"model": "admin.logentry", "pk": 255, "fields": {"action_time": "2023-05-21T14:11:12.900Z", "user": 1, "content_type": 11, "object_id": "57", "object_repr": "Orelsan Tour - 2023-07-27 18:00:00+00:00 - Ha Concerts", "action_flag": 1, "change_message": "[{\"added\": {}}]"}}, {"model": "admin.logentry", "pk": 256, "fields": {"action_time": "2023-05-21T16:52:40.639Z", "user": 1, "content_type": 8, "object_id": "2", "object_repr": "Alban Ivanov Stand-up", "action_flag": 1, "change_message": "[{\"added\": {}}]"}}, {"model": "admin.logentry", "pk": 257, "fields": {"action_time": "2023-05-21T16:52:57.422Z", "user": 1, "content_type": 8, "object_id": "3", "object_repr": "Waly Dia Stand-up", "action_flag": 1, "change_message": "[{\"added\": {}}]"}}, {"model": "admin.logentry", "pk": 258, "fields": {"action_time": "2023-05-21T16:53:05.581Z", "user": 1, "content_type": 8, "object_id": "4", "object_repr": "Adele . Concert", "action_flag": 1, "change_message": "[{\"added\": {}}]"}}, {"model": "admin.logentry", "pk": 259, "fields": {"action_time": "2023-05-21T16:53:22.728Z", "user": 1, "content_type": 8, "object_id": "5", "object_repr": "Alex Lutz Performance artistique", "action_flag": 1, "change_message": "[{\"added\": {}}]"}}, {"model": "admin.logentry", "pk": 260, "fields": {"action_time": "2023-05-21T16:53:31.757Z", "user": 1, "content_type": 8, "object_id": "6", "object_repr": "Anne Roumanoff Stand-up", "action_flag": 1, "change_message": "[{\"added\": {}}]"}}, {"model": "admin.logentry", "pk": 261, "fields": {"action_time": "2023-05-21T16:53:38.130Z", "user": 1, "content_type": 8, "object_id": "7", "object_repr": "Arnaud Ducret Stand-up", "action_flag": 1, "change_message": "[{\"added\": {}}]"}}, {"model": "admin.logentry", "pk": 262, "fields": {"action_time": "2023-05-21T16:53:46.522Z", "user": 1, "content_type": 8, "object_id": "8", "object_repr": "Arnaud Tsamere Stand-up", "action_flag": 1, "change_message": "[{\"added\": {}}]"}}, {"model": "admin.logentry", "pk": 263, "fields": {"action_time": "2023-05-21T16:53:55.169Z", "user": 1, "content_type": 8, "object_id": "9", "object_repr": "Ary Abittan Stand-up", "action_flag": 1, "change_message": "[{\"added\": {}}]"}}, {"model": "admin.logentry", "pk": 264, "fields": {"action_time": "2023-05-21T16:54:27.123Z", "user": 1, "content_type": 8, "object_id": "10", "object_repr": "Baptiste Lecaplain Stand-up", "action_flag": 1, "change_message": "[{\"added\": {}}]"}}, {"model": "admin.logentry", "pk": 265, "fields": {"action_time": "2023-05-21T16:54:35.789Z", "user": 1, "content_type": 8, "object_id": "11", "object_repr": "Bruno Mars Concert", "action_flag": 1, "change_message": "[{\"added\": {}}]"}}, {"model": "admin.logentry", "pk": 266, "fields": {"action_time": "2023-05-21T16:54:46.818Z", "user": 1, "content_type": 8, "object_id": "12", "object_repr": "Ed Sheran Danse", "action_flag": 1, "change_message": "[{\"added\": {}}]"}}, {"model": "admin.logentry", "pk": 267, "fields": {"action_time": "2023-05-21T16:54:52.756Z", "user": 1, "content_type": 8, "object_id": "13", "object_repr": "Orelsan . Concert", "action_flag": 1, "change_message": "[{\"added\": {}}]"}}, {"model": "admin.logentry", "pk": 268, "fields": {"action_time": "2023-05-21T16:55:03.743Z", "user": 1, "content_type": 8, "object_id": "14", "object_repr": "Taylor Swift Concert", "action_flag": 1, "change_message": "[{\"added\": {}}]"}}, {"model": "admin.logentry", "pk": 269, "fields": {"action_time": "2023-05-21T16:55:10.036Z", "user": 1, "content_type": 8, "object_id": "15", "object_repr": "Lady Gaga Concert", "action_flag": 1, "change_message": "[{\"added\": {}}]"}}, {"model": "admin.logentry", "pk": 270, "fields": {"action_time": "2023-05-21T16:55:15.766Z", "user": 1, "content_type": 8, "object_id": "16", "object_repr": "Drake . Concert", "action_flag": 1, "change_message": "[{\"added\": {}}]"}}, {"model": "admin.logentry", "pk": 271, "fields": {"action_time": "2023-05-21T16:55:23.070Z", "user": 1, "content_type": 8, "object_id": "17", "object_repr": "Helene Segara Concert", "action_flag": 1, "change_message": "[{\"added\": {}}]"}}, {"model": "admin.logentry", "pk": 272, "fields": {"action_time": "2023-05-21T16:56:48.385Z", "user": 1, "content_type": 18, "object_id": "1", "object_repr": "ArtistTypeShow object (1)", "action_flag": 1, "change_message": "[{\"added\": {}}]"}}, {"model": "admin.logentry", "pk": 273, "fields": {"action_time": "2023-05-21T16:57:01.260Z", "user": 1, "content_type": 18, "object_id": "2", "object_repr": "ArtistTypeShow object (2)", "action_flag": 1, "change_message": "[{\"added\": {}}]"}}, {"model": "admin.logentry", "pk": 274, "fields": {"action_time": "2023-05-21T16:57:10.277Z", "user": 1, "content_type": 18, "object_id": "3", "object_repr": "ArtistTypeShow object (3)", "action_flag": 1, "change_message": "[{\"added\": {}}]"}}, {"model": "admin.logentry", "pk": 275, "fields": {"action_time": "2023-05-21T16:57:23.039Z", "user": 1, "content_type": 18, "object_id": "4", "object_repr": "ArtistTypeShow object (4)", "action_flag": 1, "change_message": "[{\"added\": {}}]"}}, {"model": "admin.logentry", "pk": 276, "fields": {"action_time": "2023-05-21T16:57:31.278Z", "user": 1, "content_type": 18, "object_id": "5", "object_repr": "ArtistTypeShow object (5)", "action_flag": 1, "change_message": "[{\"added\": {}}]"}}, {"model": "admin.logentry", "pk": 277, "fields": {"action_time": "2023-05-21T16:57:40.348Z", "user": 1, "content_type": 18, "object_id": "6", "object_repr": "ArtistTypeShow object (6)", "action_flag": 1, "change_message": "[{\"added\": {}}]"}}, {"model": "admin.logentry", "pk": 278, "fields": {"action_time": "2023-05-21T16:59:25.011Z", "user": 1, "content_type": 18, "object_id": "7", "object_repr": "ArtistTypeShow object (7)", "action_flag": 1, "change_message": "[{\"added\": {}}]"}}, {"model": "admin.logentry", "pk": 279, "fields": {"action_time": "2023-05-21T16:59:33.923Z", "user": 1, "content_type": 18, "object_id": "8", "object_repr": "ArtistTypeShow object (8)", "action_flag": 1, "change_message": "[{\"added\": {}}]"}}, {"model": "admin.logentry", "pk": 280, "fields": {"action_time": "2023-05-21T16:59:42.857Z", "user": 1, "content_type": 18, "object_id": "9", "object_repr": "ArtistTypeShow object (9)", "action_flag": 1, "change_message": "[{\"added\": {}}]"}}, {"model": "admin.logentry", "pk": 281, "fields": {"action_time": "2023-05-21T16:59:59.420Z", "user": 1, "content_type": 18, "object_id": "10", "object_repr": "ArtistTypeShow object (10)", "action_flag": 1, "change_message": "[{\"added\": {}}]"}}, {"model": "admin.logentry", "pk": 282, "fields": {"action_time": "2023-05-21T17:00:08.021Z", "user": 1, "content_type": 18, "object_id": "11", "object_repr": "ArtistTypeShow object (11)", "action_flag": 1, "change_message": "[{\"added\": {}}]"}}, {"model": "admin.logentry", "pk": 283, "fields": {"action_time": "2023-05-21T17:00:16.712Z", "user": 1, "content_type": 18, "object_id": "12", "object_repr": "ArtistTypeShow object (12)", "action_flag": 1, "change_message": "[{\"added\": {}}]"}}, {"model": "admin.logentry", "pk": 284, "fields": {"action_time": "2023-05-21T17:00:25.929Z", "user": 1, "content_type": 18, "object_id": "13", "object_repr": "ArtistTypeShow object (13)", "action_flag": 1, "change_message": "[{\"added\": {}}]"}}, {"model": "admin.logentry", "pk": 285, "fields": {"action_time": "2023-05-21T17:00:35.477Z", "user": 1, "content_type": 18, "object_id": "14", "object_repr": "ArtistTypeShow object (14)", "action_flag": 1, "change_message": "[{\"added\": {}}]"}}, {"model": "admin.logentry", "pk": 286, "fields": {"action_time": "2023-05-21T17:00:43.332Z", "user": 1, "content_type": 18, "object_id": "15", "object_repr": "ArtistTypeShow object (15)", "action_flag": 1, "change_message": "[{\"added\": {}}]"}}, {"model": "auth.permission", "pk": 1, "fields": {"name": "Can add log entry", "content_type": 1, "codename": "add_logentry"}}, {"model": "auth.permission", "pk": 2, "fields": {"name": "Can change log entry", "content_type": 1, "codename": "change_logentry"}}, {"model": "auth.permission", "pk": 3, "fields": {"name": "Can delete log entry", "content_type": 1, "codename": "delete_logentry"}}, {"model": "auth.permission", "pk": 4, "fields": {"name": "Can view log entry", "content_type": 1, "codename": "view_logentry"}}, {"model": "auth.permission", "pk": 5, "fields": {"name": "Can add permission", "content_type": 2, "codename": "add_permission"}}, {"model": "auth.permission", "pk": 6, "fields": {"name": "Can change permission", "content_type": 2, "codename": "change_permission"}}, {"model": "auth.permission", "pk": 7, "fields": {"name": "Can delete permission", "content_type": 2, "codename": "delete_permission"}}, {"model": "auth.permission", "pk": 8, "fields": {"name": "Can view permission", "content_type": 2, "codename": "view_permission"}}, {"model": "auth.permission", "pk": 9, "fields": {"name": "Can add group", "content_type": 3, "codename": "add_group"}}, {"model": "auth.permission", "pk": 10, "fields": {"name": "Can change group", "content_type": 3, "codename": "change_group"}}, {"model": "auth.permission", "pk": 11, "fields": {"name": "Can delete group", "content_type": 3, "codename": "delete_group"}}, {"model": "auth.permission", "pk": 12, "fields": {"name": "Can view group", "content_type": 3, "codename": "view_group"}}, {"model": "auth.permission", "pk": 13, "fields": {"name": "Can add user", "content_type": 4, "codename": "add_user"}}, {"model": "auth.permission", "pk": 14, "fields": {"name": "Can change user", "content_type": 4, "codename": "change_user"}}, {"model": "auth.permission", "pk": 15, "fields": {"name": "Can delete user", "content_type": 4, "codename": "delete_user"}}, {"model": "auth.permission", "pk": 16, "fields": {"name": "Can view user", "content_type": 4, "codename": "view_user"}}, {"model": "auth.permission", "pk": 17, "fields": {"name": "Can add content type", "content_type": 5, "codename": "add_contenttype"}}, {"model": "auth.permission", "pk": 18, "fields": {"name": "Can change content type", "content_type": 5, "codename": "change_contenttype"}}, {"model": "auth.permission", "pk": 19, "fields": {"name": "Can delete content type", "content_type": 5, "codename": "delete_contenttype"}}, {"model": "auth.permission", "pk": 20, "fields": {"name": "Can view content type", "content_type": 5, "codename": "view_contenttype"}}, {"model": "auth.permission", "pk": 21, "fields": {"name": "Can add session", "content_type": 6, "codename": "add_session"}}, {"model": "auth.permission", "pk": 22, "fields": {"name": "Can change session", "content_type": 6, "codename": "change_session"}}, {"model": "auth.permission", "pk": 23, "fields": {"name": "Can delete session", "content_type": 6, "codename": "delete_session"}}, {"model": "auth.permission", "pk": 24, "fields": {"name": "Can view session", "content_type": 6, "codename": "view_session"}}, {"model": "auth.permission", "pk": 25, "fields": {"name": "Can add artist", "content_type": 7, "codename": "add_artist"}}, {"model": "auth.permission", "pk": 26, "fields": {"name": "Can change artist", "content_type": 7, "codename": "change_artist"}}, {"model": "auth.permission", "pk": 27, "fields": {"name": "Can delete artist", "content_type": 7, "codename": "delete_artist"}}, {"model": "auth.permission", "pk": 28, "fields": {"name": "Can view artist", "content_type": 7, "codename": "view_artist"}}, {"model": "auth.permission", "pk": 29, "fields": {"name": "Can add artiste type", "content_type": 8, "codename": "add_artistetype"}}, {"model": "auth.permission", "pk": 30, "fields": {"name": "Can change artiste type", "content_type": 8, "codename": "change_artistetype"}}, {"model": "auth.permission", "pk": 31, "fields": {"name": "Can delete artiste type", "content_type": 8, "codename": "delete_artistetype"}}, {"model": "auth.permission", "pk": 32, "fields": {"name": "Can view artiste type", "content_type": 8, "codename": "view_artistetype"}}, {"model": "auth.permission", "pk": 33, "fields": {"name": "Can add locality", "content_type": 9, "codename": "add_locality"}}, {"model": "auth.permission", "pk": 34, "fields": {"name": "Can change locality", "content_type": 9, "codename": "change_locality"}}, {"model": "auth.permission", "pk": 35, "fields": {"name": "Can delete locality", "content_type": 9, "codename": "delete_locality"}}, {"model": "auth.permission", "pk": 36, "fields": {"name": "Can view locality", "content_type": 9, "codename": "view_locality"}}, {"model": "auth.permission", "pk": 37, "fields": {"name": "Can add location", "content_type": 10, "codename": "add_location"}}, {"model": "auth.permission", "pk": 38, "fields": {"name": "Can change location", "content_type": 10, "codename": "change_location"}}, {"model": "auth.permission", "pk": 39, "fields": {"name": "Can delete location", "content_type": 10, "codename": "delete_location"}}, {"model": "auth.permission", "pk": 40, "fields": {"name": "Can view location", "content_type": 10, "codename": "view_location"}}, {"model": "auth.permission", "pk": 41, "fields": {"name": "Can add representation", "content_type": 11, "codename": "add_representation"}}, {"model": "auth.permission", "pk": 42, "fields": {"name": "Can change representation", "content_type": 11, "codename": "change_representation"}}, {"model": "auth.permission", "pk": 43, "fields": {"name": "Can delete representation", "content_type": 11, "codename": "delete_representation"}}, {"model": "auth.permission", "pk": 44, "fields": {"name": "Can view representation", "content_type": 11, "codename": "view_representation"}}, {"model": "auth.permission", "pk": 45, "fields": {"name": "Can add role", "content_type": 12, "codename": "add_role"}}, {"model": "auth.permission", "pk": 46, "fields": {"name": "Can change role", "content_type": 12, "codename": "change_role"}}, {"model": "auth.permission", "pk": 47, "fields": {"name": "Can delete role", "content_type": 12, "codename": "delete_role"}}, {"model": "auth.permission", "pk": 48, "fields": {"name": "Can view role", "content_type": 12, "codename": "view_role"}}, {"model": "auth.permission", "pk": 49, "fields": {"name": "Can add type", "content_type": 13, "codename": "add_type"}}, {"model": "auth.permission", "pk": 50, "fields": {"name": "Can change type", "content_type": 13, "codename": "change_type"}}, {"model": "auth.permission", "pk": 51, "fields": {"name": "Can delete type", "content_type": 13, "codename": "delete_type"}}, {"model": "auth.permission", "pk": 52, "fields": {"name": "Can view type", "content_type": 13, "codename": "view_type"}}, {"model": "auth.permission", "pk": 53, "fields": {"name": "Can add user", "content_type": 14, "codename": "add_user"}}, {"model": "auth.permission", "pk": 54, "fields": {"name": "Can change user", "content_type": 14, "codename": "change_user"}}, {"model": "auth.permission", "pk": 55, "fields": {"name": "Can delete user", "content_type": 14, "codename": "delete_user"}}, {"model": "auth.permission", "pk": 56, "fields": {"name": "Can view user", "content_type": 14, "codename": "view_user"}}, {"model": "auth.permission", "pk": 57, "fields": {"name": "Can add show", "content_type": 15, "codename": "add_show"}}, {"model": "auth.permission", "pk": 58, "fields": {"name": "Can change show", "content_type": 15, "codename": "change_show"}}, {"model": "auth.permission", "pk": 59, "fields": {"name": "Can delete show", "content_type": 15, "codename": "delete_show"}}, {"model": "auth.permission", "pk": 60, "fields": {"name": "Can view show", "content_type": 15, "codename": "view_show"}}, {"model": "auth.permission", "pk": 61, "fields": {"name": "Can add role user", "content_type": 16, "codename": "add_roleuser"}}, {"model": "auth.permission", "pk": 62, "fields": {"name": "Can change role user", "content_type": 16, "codename": "change_roleuser"}}, {"model": "auth.permission", "pk": 63, "fields": {"name": "Can delete role user", "content_type": 16, "codename": "delete_roleuser"}}, {"model": "auth.permission", "pk": 64, "fields": {"name": "Can view role user", "content_type": 16, "codename": "view_roleuser"}}, {"model": "auth.permission", "pk": 65, "fields": {"name": "Can add representation user", "content_type": 17, "codename": "add_representationuser"}}, {"model": "auth.permission", "pk": 66, "fields": {"name": "Can change representation user", "content_type": 17, "codename": "change_representationuser"}}, {"model": "auth.permission", "pk": 67, "fields": {"name": "Can delete representation user", "content_type": 17, "codename": "delete_representationuser"}}, {"model": "auth.permission", "pk": 68, "fields": {"name": "Can view representation user", "content_type": 17, "codename": "view_representationuser"}}, {"model": "auth.permission", "pk": 69, "fields": {"name": "Can add artist type show", "content_type": 18, "codename": "add_artisttypeshow"}}, {"model": "auth.permission", "pk": 70, "fields": {"name": "Can change artist type show", "content_type": 18, "codename": "change_artisttypeshow"}}, {"model": "auth.permission", "pk": 71, "fields": {"name": "Can delete artist type show", "content_type": 18, "codename": "delete_artisttypeshow"}}, {"model": "auth.permission", "pk": 72, "fields": {"name": "Can view artist type show", "content_type": 18, "codename": "view_artisttypeshow"}}, {"model": "auth.user", "pk": 1, "fields": {"password": "pbkdf2_sha256$600000$qbeexb02h8PoFSZWMF0A3k$WmWaQDqQWZ2EbVjP4Ms/0RfaE8XyjuxJY5hlPOJwa6Q=", "last_login": "2023-05-21T18:49:42.011Z", "is_superuser": true, "username": "abdel", "first_name": "Abdellah", "last_name": "kh", "email": "abdel@abdel.abdel", "is_staff": true, "is_active": true, "date_joined": "2023-05-12T14:41:25.601Z", "groups": [], "user_permissions": []}}, {"model": "auth.user", "pk": 2, "fields": {"password": "pbkdf2_sha256$600000$37KfZBwuXwpfIoiI9bZNU5$m6oVnFNuOz9+qAlfvG3yUexc73nH98uO5kd8zNAz3FY=", "last_login": "2023-05-21T10:31:32.352Z", "is_superuser": false, "username": "abdellahkh", "first_name": "abdellah", "last_name": "khleeh", "email": "abdel@abdel.com", "is_staff": false, "is_active": true, "date_joined": "2023-05-21T10:31:31.142Z", "groups": [], "user_permissions": []}}, {"model": "auth.user", "pk": 3, "fields": {"password": "pbkdf2_sha256$600000$zbUpiRjdMAtQOCrGn1fHnl$6kAE3zGOcucT8eLN5G1p1m4q5D8PL2otqKr1xQhrOOw=", "last_login": "2023-05-26T23:44:17.456Z", "is_superuser": false, "username": "younes@hotmail.fr", "first_name": "you", "last_name": "you", "email": "younes@hotmail.fr", "is_staff": false, "is_active": true, "date_joined": "2023-05-24T21:56:26.755Z", "groups": [], "user_permissions": []}}, {"model": "auth.user", "pk": 4, "fields": {"password": "pbkdf2_sha256$600000$rUdWjZKbMjOj3yj2T4qtmr$AL+5tlcDNGjPtxY5JZ7mWbuLJ5XLdgXFnnabEfRFqrE=", "last_login": "2023-05-26T15:47:11.737Z", "is_superuser": true, "username": "admin", "first_name": "", "last_name": "", "email": "admin@admin.com", "is_staff": true, "is_active": true, "date_joined": "2023-05-26T15:45:33.243Z", "groups": [], "user_permissions": []}}, {"model": "contenttypes.contenttype", "pk": 1, "fields": {"app_label": "admin", "model": "logentry"}}, {"model": "contenttypes.contenttype", "pk": 2, "fields": {"app_label": "auth", "model": "permission"}}, {"model": "contenttypes.contenttype", "pk": 3, "fields": {"app_label": "auth", "model": "group"}}, {"model": "contenttypes.contenttype", "pk": 4, "fields": {"app_label": "auth", "model": "user"}}, {"model": "contenttypes.contenttype", "pk": 5, "fields": {"app_label": "contenttypes", "model": "contenttype"}}, {"model": "contenttypes.contenttype", "pk": 6, "fields": {"app_label": "sessions", "model": "session"}}, {"model": "contenttypes.contenttype", "pk": 7, "fields": {"app_label": "reservation", "model": "artist"}}, {"model": "contenttypes.contenttype", "pk": 8, "fields": {"app_label": "reservation", "model": "artistetype"}}, {"model": "contenttypes.contenttype", "pk": 9, "fields": {"app_label": "reservation", "model": "locality"}}, {"model": "contenttypes.contenttype", "pk": 10, "fields": {"app_label": "reservation", "model": "location"}}, {"model": "contenttypes.contenttype", "pk": 11, "fields": {"app_label": "reservation", "model": "representation"}}, {"model": "contenttypes.contenttype", "pk": 12, "fields": {"app_label": "reservation", "model": "role"}}, {"model": "contenttypes.contenttype", "pk": 13, "fields": {"app_label": "reservation", "model": "type"}}, {"model": "contenttypes.contenttype", "pk": 14, "fields": {"app_label": "reservation", "model": "user"}}, {"model": "contenttypes.contenttype", "pk": 15, "fields": {"app_label": "reservation", "model": "show"}}, {"model": "contenttypes.contenttype", "pk": 16, "fields": {"app_label": "reservation", "model": "roleuser"}}, {"model": "contenttypes.contenttype", "pk": 17, "fields": {"app_label": "reservation", "model": "representationuser"}}, {"model": "contenttypes.contenttype", "pk": 18, "fields": {"app_label": "reservation", "model": "artisttypeshow"}}, {"model": "sessions.session", "pk": "5p0n8oe4u3irqw3s7f7l4jcv6uzhzkeg", "fields": {"session_data": ".eJxVjDsOwjAQRO_iGln-kMSmpOcM1u56jQPIluKkQtydWEoBzRQzb95bBNjWHLbGS5ijuAgtTr8dAj259CE-oNyrpFrWZUbZEXmsTd5q5Nf1YP8EGVruWqCJMZrkOZFWCU3SQwTDjgZ0BpU3ZkTr_FmNE7G2ye5hIeH-I0vi8wUOhDjg:1pxp0T:rTS51LfzmXV09id-xSd5pypOyzuFggvMI-qeuKLhVY0", "expire_date": "2023-05-27T13:09:53.903Z"}}, {"model": "sessions.session", "pk": "a7u9232x53o2ftvstlq2vr5ilh6qg2bh", "fields": {"session_data": ".eJxVjsEOgjAQRP-lZ9K0tN0Wjt79BrJbVosSaijEg_HfBcNBr_NmXuYlOlyX1K2F527oRSuMqH4zwnjnaQf9DadrljFPyzyQ3CvyoEWec8_j6ej-CRKWtK2VQaMhOEfWew5sA6HTpGIgDRaaEGplFDhj8eLBsq6Bm9iwRQPBetqkjxEjF9HWlSgpP793tXl_ACfJPeE:1q2gwJ:AJ3ghOTbp1rNMKYwoomWJc8r3_gjeIJoalA7hyRAbtY", "expire_date": "2023-06-09T23:33:43.144Z"}}, {"model": "sessions.session", "pk": "si2ytu35r0dphgoczeesmpogcgnkhn3t", "fields": {"session_data": ".eJxVTjsOgzAMvUtmhBIHCDB27xlQYjsNLSIVAXWoevcGxNAu1vP76b3FYLc1DFviZRhJ9KISxS_nLD543gW62_kWS4zzuoyu3C3lqabyGomny-n9Kwg2hZw2klpPupNeKedZEzDWqmvrjCU2upUGMF-lGKmRuqtqo5kQQJN3EnLpc7LISfSQ4RJpG9djMZhCpBBfx6Pg8wWQMkQs:1q2gor:oQe7pauKfH_LR6ftbHDaVYjpLSBCJIphYV-Z9iuUvz8", "expire_date": "2023-06-09T23:26:01.615Z"}}, {"model": "reservation.locality", "pk": 21, "fields": {"postal_code": 1000, "locality": "Bruxelles"}}, {"model": "reservation.locality", "pk": 22, "fields": {"postal_code": 2000, "locality": "Anvers"}}, {"model": "reservation.locality", "pk": 23, "fields": {"postal_code": 4000, "locality": "Liege"}}, {"model": "reservation.locality", "pk": 24, "fields": {"postal_code": 6000, "locality": "Charleroi"}}, {"model": "reservation.locality", "pk": 25, "fields": {"postal_code": 5000, "locality": "Namur"}}, {"model": "reservation.locality", "pk": 26, "fields": {"postal_code": 9000, "locality": "Gand"}}, {"model": "reservation.locality", "pk": 27, "fields": {"postal_code": 2800, "locality": "Mechelen"}}, {"model": "reservation.locality", "pk": 28, "fields": {"postal_code": 7500, "locality": "Tournai"}}, {"model": "reservation.locality", "pk": 29, "fields": {"postal_code": 8500, "locality": "Courtrai"}}, {"model": "reservation.locality", "pk": 30, "fields": {"postal_code": 3500, "locality": "Hasselt"}}, {"model": "reservation.locality", "pk": 31, "fields": {"postal_code": 8000, "locality": "Brugges"}}, {"model": "reservation.locality", "pk": 32, "fields": {"postal_code": 1980, "locality": "Zemst"}}, {"model": "reservation.locality", "pk": 33, "fields": {"postal_code": 1190, "locality": "Forest"}}, {"model": "reservation.locality", "pk": 34, "fields": {"postal_code": 1030, "locality": "Schaerbeek"}}, {"model": "reservation.location", "pk": 15, "fields": {"slug": "Forest-National", "designation": "Foret National", "address": "Av. Victor Rousseau 208", "locality_id": 33, "website": "https://www.forest-national.be/fr/home", "phone": "03 400 69 70"}}, {"model": "reservation.location", "pk": 16, "fields": {"slug": "Flagey", "designation": "Flagey", "address": "Pl. Sainte-Croix", "locality_id": 21, "website": "https://www.flagey.be/fr/", "phone": "02 641 10 20"}}, {"model": "reservation.location", "pk": 17, "fields": {"slug": "R-C", "designation": "Les Riches-Claires", "address": "Rue des Riches Claires 24", "locality_id": 21, "website": "https://lesrichesclaires.be/", "phone": "02 548 25 80"}}, {"model": "reservation.location", "pk": 18, "fields": {"slug": "C-R", "designation": "Cirque Royal", "address": "Rue de l'Enseignement 81", "locality_id": 21, "website": "https://www.cirque-royal-bruxelles.be/", "phone": "+32 2 218 20 15"}}, {"model": "reservation.location", "pk": 19, "fields": {"slug": "BOZAR Bxl", "designation": "Bozar de Bruxelles", "address": "Rue Ravenstein 23", "locality_id": 21, "website": "https://www.bozar.be/fr", "phone": "02 507 82 00"}}, {"model": "reservation.location", "pk": 20, "fields": {"slug": "TB", "designation": "Beursschouwburg (Théâtre de la Bourse)", "address": "Auguste Ortsstraat 20/28", "locality_id": 21, "website": "https://www.beursschouwburg.be/fr/", "phone": "02 550 03 50"}}, {"model": "reservation.location", "pk": 21, "fields": {"slug": "KVS", "designation": "Koninklijke Vlaamse Schouwburg", "address": "Quai aux Pierres de Taille 7", "locality_id": 21, "website": "https://www.kvs.be/nl/", "phone": "02 210 11 00"}}, {"model": "reservation.location", "pk": 22, "fields": {"slug": "TN-WB", "designation": "Théâtre National Wallonie-Bruxelles", "address": "Emile Jacqmainlaan 111/115", "locality_id": 21, "website": "https://www.theatrenational.be/fr/", "phone": "+32 2 203 53 03"}}, {"model": "reservation.location", "pk": 23, "fields": {"slug": "La Monnaie", "designation": "La Monnaie", "address": "Pl. de la Monnaie", "locality_id": 21, "website": "https://www.lamonnaiedemunt.be/", "phone": "02 229 12 00"}}, {"model": "reservation.location", "pk": 24, "fields": {"slug": "Kinetix", "designation": "Stadium", "address": "Boulevard Lambermont 236", "locality_id": 34, "website": "www.kinetix.be", "phone": "023456789"}}, {"model": "reservation.location", "pk": 25, "fields": {"slug": "HDSC", "designation": "Hall De Schaerbeek", "address": "Rue royale sainte marie", "locality_id": 34, "website": "wwwe.halldesche.be", "phone": "022413605"}}, {"model": "reservation.location", "pk": 26, "fields": {"slug": "CCA", "designation": "Centre Culturelle d'Auderghem", "address": "Boulevard du Souverain 201", "locality_id": 21, "website": "www.cca.be", "phone": "022413605"}}, {"model": "reservation.location", "pk": 27, "fields": {"slug": "AB", "designation": "L'Ancienne Belgique", "address": "Boulevard Anspach 110", "locality_id": 21, "website": "www.ab.com", "phone": "022413605"}}, {"model": "reservation.location", "pk": 28, "fields": {"slug": "Sport Paleis", "designation": "Palais des Sports d'Anvers", "address": "Schijnpoortweg 119", "locality_id": 22, "website": "https://www.sportpaleis.be/fr/home", "phone": "03 400 40 40"}}, {"model": "reservation.location", "pk": 29, "fields": {"slug": "Grand Manege", "designation": "Le Grand Manege", "address": "82 rue Rogier", "locality_id": 25, "website": "www.le-grand-manege.be", "phone": "00 32 90 53 3851"}}, {"model": "reservation.location", "pk": 30, "fields": {"slug": "Opera Liege", "designation": "Opera Royal de Wallonie", "address": "Rue Dampery 33", "locality_id": 23, "website": "www.opera-royal-wallonie.be", "phone": "046752453"}}, {"model": "reservation.location", "pk": 31, "fields": {"slug": "Ancre Charleroi", "designation": "Theatre de l'Ancre", "address": "122, rue de Montigny", "locality_id": 24, "website": "www.ancre-charleroi.be", "phone": "022413605"}}, {"model": "reservation.location", "pk": 32, "fields": {"slug": "HC Gand", "designation": "Ha Concerts", "address": "39, rue de la gare", "locality_id": 26, "website": "www.ha-concerts.be", "phone": "022410536"}}, {"model": "reservation.location", "pk": 33, "fields": {"slug": "Water-Moulin", "designation": "Le Water Moulin", "address": "Bd Eisenhower 207", "locality_id": 28, "website": "https://www.facebook.com/watermoulin", "phone": "03345984"}}, {"model": "reservation.show", "pk": 10, "fields": {"slug": "WALY DIA", "title": "Waly Dia | Ensemble ou rien", "description": "\"Waly Dia | Ensemble ou rien\" est un spectacle captivant qui met en scène l'humoriste talentueux Waly Dia. Avec son style unique mêlant humour, sincérité et engagement, Waly Dia offre une performance captivante qui vous fera rire, réfléchir et vous remuer les méninges. À travers ses anecdotes personnelles et son regard percutant sur la société, il aborde avec finesse des sujets tels que les relations humaines, l'égalité, la diversité et les enjeux de notre époque. Préparez-vous à passer une soirée inoubliable en compagnie de Waly Dia, un artiste charismatique qui vous fera passer du rire aux questionnements profonds, le tout dans une ambiance conviviale et chaleureuse. Ne manquez pas ce spectacle unique où Waly Dia vous invite à rejoindre son mouvement : l'ensemble ou rien !", "poster_url": "pas", "image": "images/waly_dia.jpg", "location_id": null, "bookable": false, "price": "40.00", "created_at": "2023-05-21T10:45:40.372Z", "representations": []}}, {"model": "reservation.show", "pk": 11, "fields": {"slug": "Adel", "title": "Adel Live", "description": "\"Adele Live\" est un spectacle captivant et émouvant qui met en scène l'une des voix les plus puissantes et captivantes de notre époque, celle d'Adele. Plongez dans l'univers musical de cette talentueuse artiste britannique, alors qu'elle interprète ses plus grands succès avec une passion débordante. Sa voix unique et soulful transporte le public dans un voyage émotionnel intense, allant des balades mélancoliques aux hymnes énergiques. Avec des arrangements musicaux époustouflants et une mise en scène soignée, chaque chanson résonne profondément, touchant les curs et éveillant une gamme d'émotions. Adele, avec sa présence chaleureuse et authentique sur scène, crée une connexion intime avec son public, rendant chaque performance aussi personnelle qu'extraordinaire. Préparez-vous à être captivé par la magie d'\"Adele Live\", un spectacle qui célèbre la voix exceptionnelle d'une artiste incontournable de notre temps.", "poster_url": "pas", "image": "images/Adele_Live_At_The_Royal_Albert_Hall_Cover.jpg", "location_id": 15, "bookable": false, "price": "40.00", "created_at": "2023-05-21T12:43:06.272Z", "representations": []}}, {"model": "reservation.show", "pk": 12, "fields": {"slug": "Alban Ivanov", "title": "Vedette Alban Ivanov", "description": "Le spectacle \"Vedette Alban Ivanov\" est une expérience hilarante et énergique qui met en vedette le talentueux humoriste français Alban Ivanov. Sur scène, Alban Ivanov déploie son charme, sa présence incroyable et sa capacité à manier l'humour avec une maîtrise exceptionnelle. Avec un mélange savoureux d'autodérision, de sarcasme et de punchlines percutantes, il vous embarque dans un voyage comique où aucun sujet n'est tabou. Sa capacité à captiver le public avec sa spontanéité, son langage franc et son style unique en font un spectacle inoubliable. Vous ne pourrez pas vous empêcher de rire aux éclats tout au long de la représentation, alors préparez-vous à passer une soirée mémorable remplie de fous rires et de moments de franche camaraderie avec l'irrésistible Alban Ivanov.", "poster_url": "pas", "image": "images/alban-ivanov-2024-02-01-2000_63dcfd221b428.jpeg", "location_id": 18, "bookable": true, "price": "40.00", "created_at": "2023-05-21T12:44:59.491Z", "representations": []}}, {"model": "reservation.show", "pk": 13, "fields": {"slug": "Alex Lutz", "title": "Alex Lutz | Dernieres pour de vrai", "description": "\"Alex Lutz | Dernières pour de vrai\" est un spectacle captivant et hilarant présenté par l'artiste polyvalent Alex Lutz. Avec son talent exceptionnel pour l'humour et sa maîtrise du jeu d'acteur, Lutz livre une performance éblouissante qui mélange sketches comiques, imitations impressionnantes et moments de pure émotion. Dans ce spectacle, il explore avec audace et autodérision les multiples facettes de la vie quotidienne, en abordant des sujets aussi variés que les relations amoureuses, la société contemporaine et les travers de la célébrité. Grâce à sa présence scénique captivante et à sa capacité à incarner une multitude de personnages, Alex Lutz transporte le public dans un voyage divertissant et surprenant. \"Dernières pour de vrai\" est une expérience théâtrale inoubliable qui allie humour intelligent, performances artistiques de haut niveau et moments de vérité qui touchent au cur.", "poster_url": "pas", "image": "images/ALEX-LUTZ_5209437594337990882.jpg", "location_id": 29, "bookable": true, "price": "40.00", "created_at": "2023-05-21T12:47:29.317Z", "representations": []}}, {"model": "reservation.show", "pk": 14, "fields": {"slug": "Roumanoff", "title": "Anne Roumanoff | Tous va presque bien", "description": "\"Anne Roumanoff | Tout va presque bien\" est un spectacle hilarant et captivant qui met en scène la talentueuse humoriste française Anne Roumanoff. Avec son style unique mêlant stand-up, sketches et imitations, Anne nous transporte dans un univers comique où elle aborde avec finesse et ironie les sujets de la vie quotidienne. Son regard incisif et son sens aiguisé de l'observation font de ce spectacle une expérience divertissante et pleine de rires. Que ce soit en évoquant les relations de couple, la politique, les nouvelles technologies ou les travers de notre société, Anne Roumanoff manie l'humour avec une habileté remarquable. \"Tout va presque bien\" est un rendez-vous incontournable pour tous ceux qui cherchent à passer une soirée mémorable, ponctuée de rires contagieux et de moments de complicité avec une artiste au talent indéniable.", "poster_url": "pas", "image": "images/anne_toumanoff.jpg", "location_id": 25, "bookable": true, "price": "40.00", "created_at": "2023-05-21T12:49:26.996Z", "representations": []}}, {"model": "reservation.show", "pk": 15, "fields": {"slug": "Arnaud Ducret", "title": "Arnaud Ducret | That's life", "description": "\"Arnaud Ducret | That's life\" est un spectacle hilarant et captivant qui met en scène le talentueux humoriste français Arnaud Ducret. À travers une série de sketches et de monologues savamment orchestrés, Arnaud Ducret offre au public un regard comique et décalé sur les différentes facettes de la vie quotidienne. Avec son énergie débordante, son jeu d'acteur expressif et son sens inné de l'autodérision, Arnaud Ducret réussit à transformer les situations les plus banales en moments de franche rigolade. Que ce soit en abordant les relations amoureuses, la famille, le travail ou encore les petits tracas du quotidien, l'humoriste sait manier les mots avec brio pour créer des situations loufoques et des personnages hauts en couleur. \"Arnaud Ducret | That's life\" est un véritable concentré de bonne humeur et de rires, où le public est invité à embarquer dans un voyage drôle et déjanté à travers les péripéties de la vie moderne.", "poster_url": "pas", "image": "images/ARNAUD-DUCRET---TOURNEE_4881325216782883532.jpg", "location_id": 28, "bookable": true, "price": "40.00", "created_at": "2023-05-21T12:51:12.919Z", "representations": []}}, {"model": "reservation.show", "pk": 16, "fields": {"slug": "Tsamere", "title": "Arnaud Tsamere | 2 mariages et un enterrement", "description": "\"Arnaud Tsamere | 2 mariages et un enterrement\" est un spectacle comique hilarant qui met en scène le talentueux Arnaud Tsamere, un humoriste français reconnu pour son style décalé et sa maîtrise du jeu de mots. Dans ce spectacle captivant, Arnaud Tsamere explore avec audace et autodérision les thèmes du mariage et de la mort, deux sujets universels qui lui permettent d'exploiter sa créativité débordante. À travers des sketches savamment construits, des jeux de mots percutants et des situations loufoques, Tsamere entraîne le public dans un tourbillon de rires et d'absurdités. Avec son énergie débordante et son sens inné du timing comique, Arnaud Tsamere livre un spectacle mémorable qui captive le public du début à la fin, laissant les spectateurs dans un état de joie contagieuse. \"Arnaud Tsamere | 2 mariages et un enterrement\" est une expérience comique inoubliable, un véritable feu d'artifice d'humour et de fantaisie.", "poster_url": "pas", "image": "images/arnaud-tsamere-2023-03-06-2000_6215fadbeeb12.jpeg", "location_id": 27, "bookable": true, "price": "40.00", "created_at": "2023-05-21T12:54:58.218Z", "representations": []}}, {"model": "reservation.show", "pk": 17, "fields": {"slug": "Ary Abittan", "title": "Ary Abittan | Pour de vrai", "description": "\"Ary Abittan | Pour de vrai\" est un spectacle captivant qui vous transporte dans l'univers hilarant et touchant de l'humoriste français Ary Abittan. Avec sa spontanéité débordante et son sens unique de l'autodérision, Ary Abittan nous embarque dans un voyage rempli de rires et d'émotions authentiques. Sur scène, il partage avec le public des anecdotes de sa vie quotidienne, des histoires familiales cocasses et des observations percutantes sur les travers de la société. Sa gestuelle unique et son talent pour l'imitation ajoutent une dimension visuelle à ses performances, créant ainsi une expérience théâtrale des plus divertissantes. \"Ary Abittan | Pour de vrai\" est bien plus qu'un simple spectacle comique ; c'est un véritable moment de complicité entre l'artiste et son public, où les rires fusent et les curs se réchauffent.", "poster_url": "pas", "image": "images/ary_abitan.jpg", "location_id": 33, "bookable": true, "price": "40.00", "created_at": "2023-05-21T12:57:15.373Z", "representations": []}}, {"model": "reservation.show", "pk": 18, "fields": {"slug": "Baptiste Lecaplain", "title": "Baptiste Lecaplain | Voir les gens", "description": "\"Baptiste Lecaplain | Voir les gens\" est un spectacle de stand-up hilarant et touchant qui met en scène le talentueux humoriste français Baptiste Lecaplain. Dans ce spectacle captivant, Lecaplain dépeint avec une sincérité désarmante les travers de la société contemporaine et les relations humaines. Armé d'un charme naturel et d'une énergie débordante, il livre des anecdotes truculentes et des observations percutantes sur les interactions quotidiennes, les rencontres amoureuses, les amitiés et les absurdités de la vie moderne. Avec son style unique et sa capacité à transformer les situations ordinaires en moments de pure hilarité, Baptiste Lecaplain captive son public du début à la fin. \"Voir les gens\" est bien plus qu'un simple spectacle comique, c'est une véritable exploration de l'humain, empreinte d'authenticité, de rires francs et de réflexions profondes.", "poster_url": "pas", "image": "images/baptistelecaplain-voirlesgens-tournee-loc1644770313.jpg", "location_id": 20, "bookable": true, "price": "40.00", "created_at": "2023-05-21T13:00:01.265Z", "representations": []}}, {"model": "reservation.show", "pk": 19, "fields": {"slug": "Bruno-Mars", "title": "Bruno Mars On Tour", "description": "\"Bruno Mars On Tour\" est un spectacle électrisant qui met en vedette le talentueux chanteur, danseur et musicien, Bruno Mars. Ce spectacle époustouflant offre une expérience musicale inoubliable, transportant le public dans un voyage sonore à travers les hits pop, funk et R&B de Bruno Mars. Avec une énergie contagieuse et une présence scénique captivante, Bruno Mars captive instantanément le public dès qu'il foule la scène. Accompagné d'une troupe de danseurs talentueux et d'un groupe de musiciens exceptionnels, Bruno Mars livre des performances vocales incroyables et des chorégraphies dynamiques qui font bouger les foules. Des jeux de lumières spectaculaires, des décors créatifs et des moments d'interaction avec le public ajoutent une dimension immersive à ce spectacle extraordinaire. Que ce soit avec ses hits emblématiques tels que \"Uptown Funk\", \"24K Magic\" ou des ballades émouvantes, \"Bruno Mars On Tour\" offre une expérience scénique inégalée, propulsant le public dans un monde de rythmes irrésistibles et de performances scéniques inoubliables. C'est un spectacle qui laisse une empreinte musicale dans le cur de chaque spectateur, transportant les fans dans une soirée de pur plaisir et de divertissement.", "poster_url": "pas", "image": "images/bruno_mars_WMPMfBr.jpg", "location_id": 30, "bookable": true, "price": "40.00", "created_at": "2023-05-21T13:02:11.876Z", "representations": []}}, {"model": "reservation.show", "pk": 20, "fields": {"slug": "ED Sheran World Tour", "title": "ED Sheran World Tour", "description": "Le spectacle \"Ed Sheeran World Tour\" est une expérience musicale époustouflante qui transporte les spectateurs dans un voyage captivant à travers les mélodies envoûtantes d'Ed Sheeran. Sur scène, cet artiste britannique talentueux crée une atmosphère intime et énergique, captivant le public dès les premières notes de ses chansons à succès. Accompagné de son talentueux groupe de musiciens, Ed Sheeran enchante les foules avec sa voix puissante et sa maîtrise de la guitare acoustique. Les arrangements musicaux soigneusement élaborés et les moments d'improvisation habiles ajoutent une dimension unique à chaque performance. Entre les ballades émouvantes et les morceaux entraînants, Ed Sheeran partage également des histoires personnelles, créant une connexion chaleureuse avec son public. Les jeux de lumières et les visuels saisissants viennent compléter cette expérience inoubliable, transportant les spectateurs dans un monde où la musique de Ed Sheeran devient une véritable bande-son de leur vie. Le spectacle \"Ed Sheeran World Tour\" est un moment magique où la musique, la passion et l'authenticité se rejoignent pour créer un concert inoubliable.", "poster_url": "pas", "image": "images/Ed-Sheeran-World-Tour-2023.jpg", "location_id": 28, "bookable": true, "price": "40.00", "created_at": "2023-05-21T13:04:28.033Z", "representations": []}}, {"model": "reservation.show", "pk": 21, "fields": {"slug": "Orelsan Tour", "title": "Orelsan Tour", "description": "\"Orelsan Tour\" est un spectacle électrisant qui met en scène l'un des artistes les plus talentueux et influents de la scène musicale française contemporaine, Orelsan. Avec son style unique mêlant rap, pop et rock, Orelsan transporte le public dans un voyage musical captivant et énergique. Sur scène, il livre des performances intenses et charismatiques, portées par sa voix puissante et ses paroles percutantes. Accompagné d'une troupe de musiciens et d'une mise en scène spectaculaire, \"Orelsan Tour\" offre une expérience live immersive, où les spectateurs sont transportés dans l'univers vibrant et authentique de cet artiste hors pair. Entre hits emblématiques et nouvelles créations, ce spectacle est une célébration de la musique, de l'expression artistique et de la passion qui unit Orelsan à son public, faisant de chaque représentation un moment inoubliable de partage et d'émotions intenses.", "poster_url": "pas", "image": "images/orelsan.jpg", "location_id": 27, "bookable": true, "price": "40.00", "created_at": "2023-05-21T13:06:25.780Z", "representations": []}}, {"model": "reservation.show", "pk": 22, "fields": {"slug": "Taylor Swift", "title": "Taylor Swift | Reputation Stadium Tour", "description": "Le spectacle \"Taylor Swift | Reputation Stadium Tour\" est une expérience électrisante qui plonge le public dans l'univers captivant et audacieux de l'une des artistes pop les plus populaires de notre époque. Ce spectacle époustouflant met en avant la fusion parfaite de la musique entraînante, des performances énergiques et d'une production visuelle éblouissante. Sur une scène massive et immersive, Taylor Swift livre avec passion et émotion ses hits les plus célèbres de l'album \"Reputation\", offrant ainsi une expérience inoubliable à ses fans. Ses chorégraphies dynamiques, ses costumes impressionnants et son charisme sur scène transportent le public dans une ambiance résolument moderne et glamour. \"Taylor Swift | Reputation Stadium Tour\" est bien plus qu'un simple concert, c'est un spectacle grandiose qui célèbre l'art de la musique et l'essence même de Taylor Swift en tant qu'artiste talentueuse et icône pop.", "poster_url": "pas", "image": "images/taylor_swift.jpg", "location_id": 24, "bookable": true, "price": "40.00", "created_at": "2023-05-21T13:08:38.988Z", "representations": []}}, {"model": "reservation.show", "pk": 23, "fields": {"slug": "Lady Gaga", "title": "Lady Gaga | World Tour", "description": "\"Lady Gaga | World Tour\" est un spectacle spectaculaire et captivant qui célèbre l'incroyable talent et la créativité sans bornes de l'icône pop internationale, Lady Gaga. Ce voyage musical extraordinaire emmène le public dans un monde de glamour, d'énergie électrisante et de performances vocales époustouflantes. Sur scène, Lady Gaga brille avec son charisme flamboyant, ses costumes avant-gardistes et sa présence scénique inégalée. Les fans sont transportés dans un voyage sonore rempli de ses plus grands succès, de \"Just Dance\" à \"Bad Romance\" en passant par \"Born This Way\", avec une mise en scène saisissante, des chorégraphies saisissantes et des effets visuels à couper le souffle. \"Lady Gaga | World Tour\" est bien plus qu'un simple concert, c'est une expérience sensorielle immersive qui laisse une empreinte durable dans les mémoires de tous ceux qui ont la chance de l'apprécier en direct.", "poster_url": "pas", "image": "images/Lady_Gaga_-_Joanne_World_Tour_Official_Poster.png", "location_id": 28, "bookable": true, "price": "40.00", "created_at": "2023-05-21T13:11:08.452Z", "representations": []}}, {"model": "reservation.show", "pk": 24, "fields": {"slug": "Drake", "title": "Drake | European Tour", "description": "\"Drake | European Tour\" est un spectacle incontournable pour tous les fans de musique urbaine. Ce spectacle époustouflant met en vedette le talentueux artiste canadien Drake, connu pour son style unique mêlant rap, R&B et pop. Pendant cette tournée européenne, les fans auront la chance de voir Drake sur scène, délivrant des performances énergiques et captivantes de ses plus grands succès. Avec un mélange dynamique de rythmes entraînants, de paroles percutantes et d'une présence scénique charismatique, Drake transporte le public dans un voyage musical immersif. Les effets visuels saisissants, les décors élaborés et la chorégraphie impressionnante viennent compléter l'expérience, créant une ambiance électrique dans laquelle le public est transporté. Ne manquez pas cette occasion de vivre une soirée inoubliable, où l'artiste emblématique Drake captive et enchante son public avec son talent indéniable et son charme inimitable.", "poster_url": "pas", "image": "images/drake-announces-its-all-a-blur-2023-tour-check-dates-key-details.jpg", "location_id": 32, "bookable": true, "price": "40.00", "created_at": "2023-05-21T13:17:39.092Z", "representations": []}}, {"model": "reservation.type", "pk": 1, "fields": {"type": "Théâtre"}}, {"model": "reservation.type", "pk": 2, "fields": {"type": "Concert"}}, {"model": "reservation.type", "pk": 3, "fields": {"type": "Danse"}}, {"model": "reservation.type", "pk": 4, "fields": {"type": "Cirque"}}, {"model": "reservation.type", "pk": 5, "fields": {"type": "Opéra"}}, {"model": "reservation.type", "pk": 6, "fields": {"type": "Comédie musicale"}}, {"model": "reservation.type", "pk": 7, "fields": {"type": "Magie"}}, {"model": "reservation.type", "pk": 8, "fields": {"type": "Marionnettes"}}, {"model": "reservation.type", "pk": 9, "fields": {"type": "Stand-up"}}, {"model": "reservation.type", "pk": 10, "fields": {"type": "Performance artistique"}}, {"model": "reservation.type", "pk": 11, "fields": {"type": "Cabaret"}}, {"model": "reservation.type", "pk": 12, "fields": {"type": "Opéra-rock"}}, {"model": "reservation.type", "pk": 13, "fields": {"type": "Spectacles d'improvisation"}}, {"model": "reservation.type", "pk": 14, "fields": {"type": "Spectacles pour enfants"}}, {"model": "reservation.type", "pk": 15, "fields": {"type": "Spectacles de variétés"}}, {"model": "reservation.artist", "pk": 1, "fields": {"firstname": "Jhonny", "lastname": "Hallyday"}}, {"model": "reservation.artist", "pk": 3, "fields": {"firstname": "Lara", "lastname": "Fabian"}}, {"model": "reservation.artist", "pk": 4, "fields": {"firstname": "Celine", "lastname": "Dion"}}, {"model": "reservation.artist", "pk": 5, "fields": {"firstname": "Jennifer", "lastname": "Lopez"}}, {"model": "reservation.artist", "pk": 6, "fields": {"firstname": "Helene", "lastname": "Segara"}}, {"model": "reservation.artist", "pk": 7, "fields": {"firstname": "Drake", "lastname": "."}}, {"model": "reservation.artist", "pk": 8, "fields": {"firstname": "Lady", "lastname": "Gaga"}}, {"model": "reservation.artist", "pk": 9, "fields": {"firstname": "Taylor", "lastname": "Swift"}}, {"model": "reservation.artist", "pk": 10, "fields": {"firstname": "Orelsan", "lastname": "."}}, {"model": "reservation.artist", "pk": 11, "fields": {"firstname": "Ed", "lastname": "Sheran"}}, {"model": "reservation.artist", "pk": 12, "fields": {"firstname": "Bruno", "lastname": "Mars"}}, {"model": "reservation.artist", "pk": 13, "fields": {"firstname": "Baptiste", "lastname": "Lecaplain"}}, {"model": "reservation.artist", "pk": 14, "fields": {"firstname": "Ary", "lastname": "Abittan"}}, {"model": "reservation.artist", "pk": 15, "fields": {"firstname": "Arnaud", "lastname": "Tsamere"}}, {"model": "reservation.artist", "pk": 16, "fields": {"firstname": "Arnaud", "lastname": "Ducret"}}, {"model": "reservation.artist", "pk": 17, "fields": {"firstname": "Anne", "lastname": "Roumanoff"}}, {"model": "reservation.artist", "pk": 18, "fields": {"firstname": "Alex", "lastname": "Lutz"}}, {"model": "reservation.artist", "pk": 19, "fields": {"firstname": "Alban", "lastname": "Ivanov"}}, {"model": "reservation.artist", "pk": 20, "fields": {"firstname": "Adele", "lastname": "."}}, {"model": "reservation.artist", "pk": 21, "fields": {"firstname": "Waly", "lastname": "Dia"}}, {"model": "reservation.artistetype", "pk": 1, "fields": {"artist_id": 1, "type_id": 2}}, {"model": "reservation.artistetype", "pk": 2, "fields": {"artist_id": 19, "type_id": 9}}, {"model": "reservation.artistetype", "pk": 3, "fields": {"artist_id": 21, "type_id": 9}}, {"model": "reservation.artistetype", "pk": 4, "fields": {"artist_id": 20, "type_id": 2}}, {"model": "reservation.artistetype", "pk": 5, "fields": {"artist_id": 18, "type_id": 10}}, {"model": "reservation.artistetype", "pk": 6, "fields": {"artist_id": 17, "type_id": 9}}, {"model": "reservation.artistetype", "pk": 7, "fields": {"artist_id": 16, "type_id": 9}}, {"model": "reservation.artistetype", "pk": 8, "fields": {"artist_id": 15, "type_id": 9}}, {"model": "reservation.artistetype", "pk": 9, "fields": {"artist_id": 14, "type_id": 9}}, {"model": "reservation.artistetype", "pk": 10, "fields": {"artist_id": 13, "type_id": 9}}, {"model": "reservation.artistetype", "pk": 11, "fields": {"artist_id": 12, "type_id": 2}}, {"model": "reservation.artistetype", "pk": 12, "fields": {"artist_id": 11, "type_id": 3}}, {"model": "reservation.artistetype", "pk": 13, "fields": {"artist_id": 10, "type_id": 2}}, {"model": "reservation.artistetype", "pk": 14, "fields": {"artist_id": 9, "type_id": 2}}, {"model": "reservation.artistetype", "pk": 15, "fields": {"artist_id": 8, "type_id": 2}}, {"model": "reservation.artistetype", "pk": 16, "fields": {"artist_id": 7, "type_id": 2}}, {"model": "reservation.artistetype", "pk": 17, "fields": {"artist_id": 6, "type_id": 2}}, {"model": "reservation.artisttypeshow", "pk": 1, "fields": {"artiste_type_id": 2, "show_id": 12}}, {"model": "reservation.artisttypeshow", "pk": 2, "fields": {"artiste_type_id": 3, "show_id": 10}}, {"model": "reservation.artisttypeshow", "pk": 3, "fields": {"artiste_type_id": 4, "show_id": 11}}, {"model": "reservation.artisttypeshow", "pk": 4, "fields": {"artiste_type_id": 5, "show_id": 13}}, {"model": "reservation.artisttypeshow", "pk": 5, "fields": {"artiste_type_id": 6, "show_id": 14}}, {"model": "reservation.artisttypeshow", "pk": 6, "fields": {"artiste_type_id": 7, "show_id": 15}}, {"model": "reservation.artisttypeshow", "pk": 7, "fields": {"artiste_type_id": 8, "show_id": 16}}, {"model": "reservation.artisttypeshow", "pk": 8, "fields": {"artiste_type_id": 9, "show_id": 17}}, {"model": "reservation.artisttypeshow", "pk": 9, "fields": {"artiste_type_id": 10, "show_id": 18}}, {"model": "reservation.artisttypeshow", "pk": 10, "fields": {"artiste_type_id": 11, "show_id": 19}}, {"model": "reservation.artisttypeshow", "pk": 11, "fields": {"artiste_type_id": 12, "show_id": 20}}, {"model": "reservation.artisttypeshow", "pk": 12, "fields": {"artiste_type_id": 13, "show_id": 21}}, {"model": "reservation.artisttypeshow", "pk": 13, "fields": {"artiste_type_id": 14, "show_id": 22}}, {"model": "reservation.artisttypeshow", "pk": 14, "fields": {"artiste_type_id": 15, "show_id": 23}}, {"model": "reservation.artisttypeshow", "pk": 15, "fields": {"artiste_type_id": 16, "show_id": 24}}, {"model": "reservation.representation", "pk": 11, "fields": {"show_id": 10, "when": "2023-06-01T18:00:00Z", "location_id": 15}}, {"model": "reservation.representation", "pk": 12, "fields": {"show_id": 10, "when": "2023-06-08T18:00:00Z", "location_id": 16}}, {"model": "reservation.representation", "pk": 13, "fields": {"show_id": 10, "when": "2023-06-13T18:00:00Z", "location_id": 17}}, {"model": "reservation.representation", "pk": 14, "fields": {"show_id": 10, "when": "2023-06-15T18:00:00Z", "location_id": 23}}, {"model": "reservation.representation", "pk": 15, "fields": {"show_id": 10, "when": "2023-06-27T18:00:00Z", "location_id": 26}}, {"model": "reservation.representation", "pk": 16, "fields": {"show_id": 10, "when": "2023-07-25T18:00:00Z", "location_id": 30}}, {"model": "reservation.representation", "pk": 17, "fields": {"show_id": 11, "when": "2023-06-01T18:00:00Z", "location_id": 15}}, {"model": "reservation.representation", "pk": 18, "fields": {"show_id": 11, "when": "2023-06-06T18:00:00Z", "location_id": 28}}, {"model": "reservation.representation", "pk": 19, "fields": {"show_id": 11, "when": "2023-07-21T18:00:00Z", "location_id": 27}}, {"model": "reservation.representation", "pk": 20, "fields": {"show_id": 11, "when": "2023-07-26T18:00:00Z", "location_id": 32}}, {"model": "reservation.representation", "pk": 21, "fields": {"show_id": 11, "when": "2023-08-17T18:00:00Z", "location_id": 27}}, {"model": "reservation.representation", "pk": 22, "fields": {"show_id": 12, "when": "2023-06-01T18:00:00Z", "location_id": 17}}, {"model": "reservation.representation", "pk": 23, "fields": {"show_id": 12, "when": "2023-06-02T18:00:00Z", "location_id": 22}}, {"model": "reservation.representation", "pk": 24, "fields": {"show_id": 12, "when": "2023-05-11T18:00:00Z", "location_id": 19}}, {"model": "reservation.representation", "pk": 25, "fields": {"show_id": 12, "when": "2023-06-15T18:00:00Z", "location_id": 26}}, {"model": "reservation.representation", "pk": 26, "fields": {"show_id": 12, "when": "2023-06-20T18:00:00Z", "location_id": 29}}, {"model": "reservation.representation", "pk": 27, "fields": {"show_id": 13, "when": "2023-06-12T18:00:00Z", "location_id": 20}}, {"model": "reservation.representation", "pk": 28, "fields": {"show_id": 13, "when": "2023-06-14T18:00:00Z", "location_id": 19}}, {"model": "reservation.representation", "pk": 29, "fields": {"show_id": 13, "when": "2023-05-23T18:00:00Z", "location_id": 21}}, {"model": "reservation.representation", "pk": 30, "fields": {"show_id": 13, "when": "2023-06-23T18:00:00Z", "location_id": 23}}, {"model": "reservation.representation", "pk": 31, "fields": {"show_id": 13, "when": "2023-06-27T18:00:00Z", "location_id": 26}}, {"model": "reservation.representation", "pk": 32, "fields": {"show_id": 14, "when": "2023-06-28T18:00:00Z", "location_id": 23}}, {"model": "reservation.representation", "pk": 33, "fields": {"show_id": 14, "when": "2023-06-21T18:00:00Z", "location_id": 19}}, {"model": "reservation.representation", "pk": 34, "fields": {"show_id": 14, "when": "2023-07-18T18:00:00Z", "location_id": 29}}, {"model": "reservation.representation", "pk": 35, "fields": {"show_id": 14, "when": "2023-06-21T18:00:00Z", "location_id": 31}}, {"model": "reservation.representation", "pk": 36, "fields": {"show_id": 14, "when": "2023-07-26T18:00:00Z", "location_id": 33}}, {"model": "reservation.representation", "pk": 37, "fields": {"show_id": 15, "when": "2023-08-10T18:00:00Z", "location_id": 17}}, {"model": "reservation.representation", "pk": 38, "fields": {"show_id": 15, "when": "2023-08-14T18:00:00Z", "location_id": 20}}, {"model": "reservation.representation", "pk": 39, "fields": {"show_id": 15, "when": "2023-07-15T18:00:00Z", "location_id": 21}}, {"model": "reservation.representation", "pk": 40, "fields": {"show_id": 15, "when": "2023-08-24T18:00:00Z", "location_id": 31}}, {"model": "reservation.representation", "pk": 41, "fields": {"show_id": 15, "when": "2023-09-15T18:00:00Z", "location_id": 24}}, {"model": "reservation.representation", "pk": 42, "fields": {"show_id": 20, "when": "2023-05-30T18:00:00Z", "location_id": 28}}, {"model": "reservation.representation", "pk": 43, "fields": {"show_id": 20, "when": "2023-07-27T18:00:00Z", "location_id": 28}}, {"model": "reservation.representation", "pk": 44, "fields": {"show_id": 20, "when": "2023-07-28T18:00:00Z", "location_id": 28}}, {"model": "reservation.representation", "pk": 45, "fields": {"show_id": 20, "when": "2023-07-26T18:00:00Z", "location_id": 28}}, {"model": "reservation.representation", "pk": 46, "fields": {"show_id": 16, "when": "2023-09-26T18:00:00Z", "location_id": 17}}, {"model": "reservation.representation", "pk": 47, "fields": {"show_id": 16, "when": "2023-09-27T18:00:00Z", "location_id": 26}}, {"model": "reservation.representation", "pk": 48, "fields": {"show_id": 16, "when": "2023-09-28T18:00:00Z", "location_id": 19}}, {"model": "reservation.representation", "pk": 49, "fields": {"show_id": 16, "when": "2023-09-29T18:00:00Z", "location_id": 23}}, {"model": "reservation.representation", "pk": 50, "fields": {"show_id": 24, "when": "2023-07-14T18:00:00Z", "location_id": 15}}, {"model": "reservation.representation", "pk": 51, "fields": {"show_id": 24, "when": "2023-08-17T18:00:00Z", "location_id": 28}}, {"model": "reservation.representation", "pk": 52, "fields": {"show_id": 23, "when": "2023-08-18T18:00:00Z", "location_id": 18}}, {"model": "reservation.representation", "pk": 53, "fields": {"show_id": 23, "when": "2023-08-25T18:00:00Z", "location_id": 28}}, {"model": "reservation.representation", "pk": 54, "fields": {"show_id": 22, "when": "2023-09-15T18:00:00Z", "location_id": 25}}, {"model": "reservation.representation", "pk": 55, "fields": {"show_id": 22, "when": "2023-09-22T18:00:00Z", "location_id": 26}}, {"model": "reservation.representation", "pk": 56, "fields": {"show_id": 21, "when": "2023-07-18T18:00:00Z", "location_id": 30}}, {"model": "reservation.representation", "pk": 57, "fields": {"show_id": 21, "when": "2023-07-27T18:00:00Z", "location_id": 32}}, {"model": "reservation.representationuser", "pk": 2, "fields": {"representation_id": 34, "user_id": 1, "places": 4}}, {"model": "reservation.representationuser", "pk": 3, "fields": {"representation_id": 29, "user_id": 1, "places": 2}}, {"model": "reservation.representationuser", "pk": 4, "fields": {"representation_id": 22, "user_id": 1, "places": 2}}, {"model": "reservation.representationuser", "pk": 5, "fields": {"representation_id": 22, "user_id": 1, "places": 2}}, {"model": "reservation.representationuser", "pk": 6, "fields": {"representation_id": 45, "user_id": 1, "places": 4}}, {"model": "reservation.representationuser", "pk": 7, "fields": {"representation_id": 43, "user_id": 3, "places": 1}}, {"model": "reservation.representationuser", "pk": 8, "fields": {"representation_id": 24, "user_id": 3, "places": 2}}, {"model": "reservation.representationuser", "pk": 9, "fields": {"representation_id": 24, "user_id": 3, "places": 2}}, {"model": "reservation.representationuser", "pk": 10, "fields": {"representation_id": 23, "user_id": 3, "places": 1}}, {"model": "reservation.representationuser", "pk": 11, "fields": {"representation_id": 25, "user_id": 3, "places": 3}}, {"model": "reservation.representationuser", "pk": 12, "fields": {"representation_id": 24, "user_id": 3, "places": 2}}, {"model": "reservation.representationuser", "pk": 13, "fields": {"representation_id": 22, "user_id": 3, "places": 3}}, {"model": "reservation.representationuser", "pk": 14, "fields": {"representation_id": 22, "user_id": 3, "places": 6}}, {"model": "reservation.representationuser", "pk": 15, "fields": {"representation_id": 24, "user_id": 4, "places": 1}}, {"model": "reservation.representationuser", "pk": 16, "fields": {"representation_id": 24, "user_id": 4, "places": 2}}, {"model": "reservation.representationuser", "pk": 17, "fields": {"representation_id": 24, "user_id": 4, "places": 2}}, {"model": "reservation.representationuser", "pk": 18, "fields": {"representation_id": 24, "user_id": 4, "places": 2}}, {"model": "reservation.representationuser", "pk": 19, "fields": {"representation_id": 24, "user_id": 4, "places": 2}}, {"model": "reservation.representationuser", "pk": 20, "fields": {"representation_id": 24, "user_id": 4, "places": 3}}, {"model": "reservation.representationuser", "pk": 21, "fields": {"representation_id": 24, "user_id": 4, "places": 2}}, {"model": "reservation.representationuser", "pk": 22, "fields": {"representation_id": 24, "user_id": 4, "places": 3}}, {"model": "reservation.representationuser", "pk": 23, "fields": {"representation_id": 24, "user_id": 4, "places": 3}}, {"model": "reservation.representationuser", "pk": 24, "fields": {"representation_id": 24, "user_id": 4, "places": 3}}, {"model": "reservation.representationuser", "pk": 25, "fields": {"representation_id": 24, "user_id": 4, "places": 3}}, {"model": "reservation.representationuser", "pk": 26, "fields": {"representation_id": 24, "user_id": 4, "places": 2}}, {"model": "reservation.representationuser", "pk": 27, "fields": {"representation_id": 24, "user_id": 4, "places": 3}}, {"model": "reservation.representationuser", "pk": 28, "fields": {"representation_id": 24, "user_id": 4, "places": 1}}, {"model": "reservation.representationuser", "pk": 29, "fields": {"representation_id": 24, "user_id": 4, "places": 4}}, {"model": "reservation.representationuser", "pk": 30, "fields": {"representation_id": 27, "user_id": 4, "places": 3}}, {"model": "reservation.representationuser", "pk": 31, "fields": {"representation_id": 27, "user_id": 4, "places": 3}}, {"model": "reservation.representationuser", "pk": 32, "fields": {"representation_id": 27, "user_id": 4, "places": 3}}, {"model": "reservation.representationuser", "pk": 33, "fields": {"representation_id": 27, "user_id": 4, "places": 3}}, {"model": "reservation.representationuser", "pk": 34, "fields": {"representation_id": 27, "user_id": 4, "places": 2}}, {"model": "reservation.representationuser", "pk": 35, "fields": {"representation_id": 27, "user_id": 4, "places": 4}}, {"model": "reservation.representationuser", "pk": 36, "fields": {"representation_id": 25, "user_id": 4, "places": 2}}, {"model": "reservation.representationuser", "pk": 37, "fields": {"representation_id": 25, "user_id": 4, "places": 2}}, {"model": "reservation.representationuser", "pk": 38, "fields": {"representation_id": 25, "user_id": 4, "places": 3}}, {"model": "reservation.representationuser", "pk": 39, "fields": {"representation_id": 25, "user_id": 4, "places": 2}}, {"model": "reservation.representationuser", "pk": 40, "fields": {"representation_id": 25, "user_id": 4, "places": 3}}, {"model": "reservation.representationuser", "pk": 41, "fields": {"representation_id": 25, "user_id": 4, "places": 3}}, {"model": "reservation.representationuser", "pk": 42, "fields": {"representation_id": 25, "user_id": 4, "places": 2}}, {"model": "reservation.representationuser", "pk": 43, "fields": {"representation_id": 25, "user_id": 4, "places": 3}}, {"model": "reservation.representationuser", "pk": 44, "fields": {"representation_id": 25, "user_id": 4, "places": 2}}, {"model": "reservation.representationuser", "pk": 45, "fields": {"representation_id": 25, "user_id": 4, "places": 3}}, {"model": "reservation.representationuser", "pk": 46, "fields": {"representation_id": 25, "user_id": 4, "places": 2}}, {"model": "reservation.representationuser", "pk": 47, "fields": {"representation_id": 25, "user_id": 4, "places": 3}}, {"model": "reservation.representationuser", "pk": 48, "fields": {"representation_id": 25, "user_id": 4, "places": 2}}, {"model": "reservation.representationuser", "pk": 49, "fields": {"representation_id": 28, "user_id": 3, "places": 2}}, {"model": "reservation.representationuser", "pk": 50, "fields": {"representation_id": 23, "user_id": 3, "places": 2}}, {"model": "reservation.representationuser", "pk": 51, "fields": {"representation_id": 23, "user_id": 3, "places": 0}}, {"model": "reservation.representationuser", "pk": 52, "fields": {"representation_id": 23, "user_id": 3, "places": 2}}, {"model": "reservation.representationuser", "pk": 53, "fields": {"representation_id": 44, "user_id": 3, "places": 5}}, {"model": "reservation.representationuser", "pk": 54, "fields": {"representation_id": 28, "user_id": 3, "places": 2}}, {"model": "reservation.representationuser", "pk": 55, "fields": {"representation_id": 25, "user_id": 3, "places": 3}}, {"model": "reservation.representationuser", "pk": 56, "fields": {"representation_id": 44, "user_id": 3, "places": 6}}, {"model": "reservation.representationuser", "pk": 57, "fields": {"representation_id": 46, "user_id": 3, "places": 5}}]